day,direction,direction_name,entry_timestamp,exit_timestamp,duration_bars,entry_spread,exit_spread,entry_z,exit_z,entry_drift_z,entry_accel_z,entry_vol_ratio,spread_profit_units,max_favorable_units,max_adverse_units,mfe_mae_ratio,forced_end_close,is_good
2,1,LONG_SPREAD_buy_XS_sell_L,43100,53200,102,2479.9711105000006,2566.0080455000007,-2.1081964163684566,-0.22337113546469936,-0.9031434598454277,1.3174266875238227,0.9127651933143386,86.03693500000008,86.03693500000008,115.31488999999965,0.7461042975456191,,True
2,-1,SHORT_SPREAD_sell_XS_buy_L,76900,82800,60,2856.7652555000004,2746.637680500001,2.0079162469859866,0.3533617625683287,0.9604967427114653,1.4730988824709734,0.9669025179888446,110.12757499999952,110.12757499999952,114.113155,0.965073439604746,,True
2,1,LONG_SPREAD_buy_XS_sell_L,99300,102800,36,2617.3291155000006,2733.2551005000005,-2.400083396821162,-0.39922257341492295,-0.12948920555477053,-0.0634663524610817,1.080143438853833,115.92598499999986,115.92598499999986,19.271630000000187,6.0153700024335635,,True
2,-1,SHORT_SPREAD_sell_XS_buy_L,107900,115000,72,2928.0555705000006,2853.069990500001,2.093183011950794,0.3014964761362587,-0.15106714356928386,-1.852398790210532,1.0668742840962733,74.98557999999957,74.98557999999957,193.7305024999996,0.3870612992396472,,True
2,1,LONG_SPREAD_buy_XS_sell_L,131700,165500,339,2700.156438000001,2543.8188155000007,-2.183236608516123,-0.22362414092272437,-0.29821863448151736,-0.5872793642101632,1.0154116206696162,-156.33762250000018,94.13581499999964,349.06613749999997,0.26967902321948845,,False
2,-1,SHORT_SPREAD_sell_XS_buy_L,177500,192100,147,2632.5555705000006,2633.6872655000006,2.129015382219711,0.22197300945361625,-0.08222360046205596,-1.794956619886165,1.0960934993402158,-1.131695000000036,0.0,206.45681249999961,0.0,,False
2,1,LONG_SPREAD_buy_XS_sell_L,199200,212900,138,2369.1871205000007,2428.769520500001,-2.0329784209927086,-0.3831998100504096,-0.5357114749475419,-0.16137592649663526,1.0041210672512129,59.582400000000234,59.582400000000234,180.5062525000003,0.33008496478536187,,True
2,1,LONG_SPREAD_buy_XS_sell_L,230500,242000,116,2152.9051180000006,2223.6910955000003,-2.1949935658074535,-0.2922088856640469,-0.858420459224614,-0.303623754371549,0.9895582530449426,70.78597749999972,75.56378750000022,73.60491499999989,1.0266133382532991,,True
2,-1,SHORT_SPREAD_sell_XS_buy_L,248600,249200,7,2393.213755500001,2260.9050455000006,2.0205921481416307,0.3222523637130309,0.5744715738941018,-0.20506270124608866,0.969926215522767,132.30871000000025,132.30871000000025,0.0,,,True
2,1,LONG_SPREAD_buy_XS_sell_L,275200,279400,43,2032.3021905000005,2139.382530500001,-2.184645860895116,-0.17003013143644072,-0.09755963986349481,-1.4904217940999314,0.9278345578697206,107.08034000000043,107.08034000000043,65.56790749999982,1.6331212033875067,,True
2,1,LONG_SPREAD_buy_XS_sell_L,282300,296000,138,1972.0738205000007,2028.2652555000004,-2.469346158980105,-0.3492064564548126,-1.1157597488524504,-2.060674380602641,0.9811849771836717,56.19143499999973,98.43834499999957,75.25301750000017,1.3080983098119534,,True
2,-1,SHORT_SPREAD_sell_XS_buy_L,302700,307300,47,2185.8394155000005,2081.995830500001,2.062067587119206,0.35735334107732664,0.5625830800854577,-3.5627902392759747,1.015175451421391,103.84358499999962,103.84358499999962,81.31901000000016,1.2769902757055136,,True
2,-1,SHORT_SPREAD_sell_XS_buy_L,316500,328300,119,2270.5103230000004,2225.8477280000006,2.008545299871336,0.32887761844601876,0.867037895708066,0.9504997075191061,0.9930249015559071,44.66259499999978,72.47954500000014,110.28185750000011,0.6572209304690037,,True
2,1,LONG_SPREAD_buy_XS_sell_L,331900,349300,175,2065.506203000001,2040.1007455000008,-2.1551424841590694,-0.3130441411656914,0.5171695943204174,-2.463690576373826,1.014180078742941,-25.40545750000001,48.458872499999416,272.6647275000005,0.1777232902264534,,False
2,1,LONG_SPREAD_buy_XS_sell_L,385300,399100,139,1810.862075500001,1773.993843000001,-2.26217901059154,-0.3501068635007048,-0.11965594670400426,-0.006754645457777276,0.8834264300205009,-36.868232499999976,5.748969999999645,262.8909650000005,0.021868267705585216,,False
2,-1,SHORT_SPREAD_sell_XS_buy_L,413900,428100,143,1915.5000230000005,1954.9323330000007,2.0934268801985594,0.3647512443625097,0.6738555226734937,-1.0765198996555705,0.8683686113916662,-39.43231000000014,70.75309000000016,242.3047349999997,0.29200044316096524,,False
2,-1,SHORT_SPREAD_sell_XS_buy_L,437000,442800,59,2273.4797130000006,2087.496048000001,2.25627364631202,0.31621739489779815,0.4470966799950628,1.271164549847903,1.0712124835706833,185.98366499999975,185.98366499999975,1.893025000000307,98.24680867921427,,True
2,-1,SHORT_SPREAD_sell_XS_buy_L,447400,452700,54,2255.919973000001,2148.0187080000005,2.030526194487892,0.2781294898058555,0.833802100418889,0.18860603097532674,0.9369292468467132,107.90126500000042,108.32511750000049,63.629634999999325,1.7024318542767318,,True
2,1,LONG_SPREAD_buy_XS_sell_L,461300,464400,32,1991.0762430000004,2124.220298000001,-2.0575367071987225,-0.3658667249792286,-0.0011642646367542094,0.2764770289904522,1.095135723327473,133.14405500000066,133.14405500000066,48.559667499999705,2.7418650467489605,,True
2,1,LONG_SPREAD_buy_XS_sell_L,465700,478600,130,1989.8498605000004,1987.6565830000009,-2.0541691284843226,-0.29963681533917774,-1.2945865988223815,0.8072230729754062,1.001348794881732,-2.1932774999995672,61.08438750000005,196.62551499999972,0.31066358554737994,,False
2,1,LONG_SPREAD_buy_XS_sell_L,483400,493600,103,1685.1008905000008,1784.183145500001,-2.021403270011695,-0.38134447725421616,-0.8222295838182736,-0.549809766370299,0.9377292768217078,99.08225500000026,104.66657000000032,45.325190000000475,2.309236210592812,,True
2,-1,SHORT_SPREAD_sell_XS_buy_L,513000,514500,16,1868.8004930000006,1783.4424155000006,2.020025188497585,0.3295937169097561,0.39731370782021563,-0.47511552764646414,0.9027612658672359,85.35807750000004,85.35807750000004,14.94857250000041,5.710115631442246,,True
2,1,LONG_SPREAD_buy_XS_sell_L,516000,535500,196,1659.2983605000009,1512.4134305000007,-2.013027655804036,-0.3631892152423753,0.37976741451250756,-4.376913154339306,0.9633841971044252,-146.88493000000017,65.02265999999963,350.5598850000006,0.18548231780712596,,False
2,-1,SHORT_SPREAD_sell_XS_buy_L,542300,556800,146,1862.9278505000002,1734.2528955000007,2.1001045862998144,0.3553133138971188,0.4048035792792064,-1.495841998709488,1.0780020343499725,128.6749549999995,132.3416699999998,154.66657000000032,0.8556578839241054,,True
2,1,LONG_SPREAD_buy_XS_sell_L,563600,604000,405,1434.0758080000005,988.9561830000002,-2.00288206189437,-0.2933864945796234,-0.2881324470326213,-0.7575621903038124,0.9310841558390843,-445.11962500000027,58.18930249999994,614.6422849999999,0.09467181793390597,,False
2,-1,SHORT_SPREAD_sell_XS_buy_L,622200,625100,30,1086.3801080000003,985.3266205000009,2.0039238030135715,0.2450393064196998,0.9791527370771235,0.06299889971522668,1.0731899865204402,101.05348749999939,101.05348749999939,0.3148175000005722,320.9906930199742,,True
2,1,LONG_SPREAD_buy_XS_sell_L,631800,637700,60,858.6927930000002,923.7668080000003,-2.011580818790291,-0.320456904939629,-0.593579451255868,2.150859260665137,1.0497850388805825,65.07401500000014,65.07401500000014,141.80046999999922,0.4589125480331659,,True
2,1,LONG_SPREAD_buy_XS_sell_L,650900,656700,59,769.6064180000003,855.8368480000008,-2.0059824282493803,-0.31408341620234664,0.07123625572167125,-0.7403196717723212,0.9459335156210144,86.23043000000052,86.23043000000052,74.3889049999998,1.159184020789132,,True
2,-1,SHORT_SPREAD_sell_XS_buy_L,663900,665000,12,1051.1619655000004,877.7175130000005,2.0576040865817857,-0.14899770083768754,-0.039387207260164626,0.06621961008027517,1.1195872181237538,173.4444524999999,173.4444524999999,0.0,,,True
2,-1,SHORT_SPREAD_sell_XS_buy_L,675500,682100,67,1005.7896130000008,894.2998405000008,2.100528124110836,0.21714814923591463,-0.14483829654052222,1.9662098516304392,1.045821970518887,111.48977250000007,111.48977250000007,28.032959999999548,3.977095979161739,,True
2,1,LONG_SPREAD_buy_XS_sell_L,691900,698800,70,757.6721930000003,847.7236930000008,-2.1231326417225507,-0.2293346036640257,-0.1376977076399648,-3.115226077624245,0.8335703344789064,90.05150000000049,90.05150000000049,110.26956999999948,0.8166486910214751,,True
2,1,LONG_SPREAD_buy_XS_sell_L,700300,702700,25,675.8203680000006,808.2051530000008,-2.0238579964452663,-0.39866603445599075,-1.1950794592038734,-2.134711073640708,1.1116203832132918,132.3847850000002,132.3847850000002,53.2798700000003,2.484705480700299,,True
2,1,LONG_SPREAD_buy_XS_sell_L,713100,730100,171,603.5485205000004,529.3344255000011,-2.1863482930050537,-0.32167419895051585,0.003928792032884857,0.5584410810806494,1.0074613926217046,-74.21409499999936,83.50618000000031,369.63588750000054,0.22591469828535032,,False
2,-1,SHORT_SPREAD_sell_XS_buy_L,767200,806500,394,696.8818780000001,1117.8224280000004,2.021809484261486,0.37041998230681156,0.07064061758084914,3.127788655087307,1.0728982040561406,-420.94055000000026,0.0,619.7287325000007,0.0,,False
2,1,LONG_SPREAD_buy_XS_sell_L,817900,852200,344,872.0940580000006,272.5260780000008,-2.413524204096112,-0.3240614281608931,-0.6741675970322387,-0.5064146392468911,1.0592823441491883,-599.5679799999998,19.096674999999777,886.415902499999,0.021543696301183857,,False
2,-1,SHORT_SPREAD_sell_XS_buy_L,867100,871900,49,459.1064905000003,297.12709050000103,2.012032712852296,0.3926762232708179,1.3516466391441542,-0.06411441197008341,0.9702391409039685,161.97939999999926,161.97939999999926,0.0,,,True
2,1,LONG_SPREAD_buy_XS_sell_L,878500,884100,57,75.77931300000091,262.4377880000002,-2.012089581955346,-0.24985436846157785,0.18291110626436435,-1.365388574342168,1.0644713184497385,186.65847499999927,186.65847499999927,37.38066500000059,4.993449822254267,,True
2,-1,SHORT_SPREAD_sell_XS_buy_L,901400,936300,350,415.0120205000003,983.3002755000007,2.0756542681150716,0.34195502541094025,-0.024439330780561673,1.3059348102510497,0.9691500115687275,-568.2882550000004,11.506179999999404,682.6545000000006,0.016855056254663808,,False
2,1,LONG_SPREAD_buy_XS_sell_L,966000,967100,12,795.1850605000009,920.2159605000006,-2.464033269983323,-0.19518026533589466,-0.6768709243149054,-3.6636134424814824,1.0707811282137676,125.03089999999975,125.03089999999975,11.814817500000572,10.58255025945121,,True
2,1,LONG_SPREAD_buy_XS_sell_L,972800,975200,25,816.9833980000003,915.3167555000009,-2.018743796557325,-0.28846132652562756,-0.7415236985173705,-5.320079468748181,1.0463796434847925,98.3333575000006,98.3333575000006,0.0,,,True
2,1,LONG_SPREAD_buy_XS_sell_L,978500,996600,182,754.390770500001,673.0657255000006,-2.457806659426357,-0.38516405483433525,-0.7739434192029628,1.8247230790520252,0.9803308111847373,-81.3250450000005,19.605059999999867,270.1564150000004,0.07256929286687432,,False
3,1,LONG_SPREAD_buy_XS_sell_L,29900,33500,37,341.6521005000004,476.89077050000105,-2.308123100261063,-0.37905360801418436,-1.249978629760108,-0.8504965728479211,,135.23867000000064,135.23867000000064,52.5041199999996,2.5757725298510223,,True
3,-1,SHORT_SPREAD_sell_XS_buy_L,42300,64700,225,661.8146955000002,806.9691230000008,2.1435437388733165,0.39916786141098026,0.5416475391692401,0.5983307998892762,1.0074341483737672,-145.15442750000057,73.29222999999911,372.9342250000009,0.19652857015201255,,False
3,1,LONG_SPREAD_buy_XS_sell_L,84200,88200,41,740.6048655000004,839.740753000001,-2.070495612024989,-0.340454909491931,-0.8217183353641828,0.6163626859084668,0.9157698417106971,99.13588750000054,99.13588750000054,38.36006499999985,2.584351395129308,,True
3,1,LONG_SPREAD_buy_XS_sell_L,96700,105600,90,720.580145500001,747.8579555000006,-2.028969683962341,-0.25144517090826096,-0.3706147531747981,0.9676497741798378,1.045626956908467,27.27780999999959,27.27780999999959,168.5618000000004,0.16182676027427048,,True
3,-1,SHORT_SPREAD_sell_XS_buy_L,113700,118100,45,942.3620755000011,823.938150500001,2.0067662261963837,0.3718714158341153,0.6578214326575439,0.516620667351413,0.8239390056020074,118.42392500000005,118.42392500000005,57.64199499999995,2.0544730452164286,,True
3,1,LONG_SPREAD_buy_XS_sell_L,126900,141100,143,527.8990830000002,607.0679305000003,-2.1270008554818443,-0.3060461807046889,-0.32339016106360785,0.621355310754363,1.072707104373466,79.16884750000008,96.08644750000076,153.98565249999956,0.6239961057410919,,True
3,1,LONG_SPREAD_buy_XS_sell_L,175200,190000,149,416.67888050000056,317.645920500001,-2.24228647938293,-0.3567320833878736,-0.468723014883522,-0.8174288079867112,1.0534563085340745,-99.03295999999955,29.5020599999998,448.75529499999993,0.06574197637043994,,False
3,1,LONG_SPREAD_buy_XS_sell_L,216100,237500,215,31.310575500000596,35.80866050000077,-2.0688957571455284,-0.19476149122744096,-0.961448164568551,-0.8514960712865843,0.8452545514298054,4.498085000000174,172.94246500000008,150.96291999999994,1.1455956535551919,,True
3,1,LONG_SPREAD_buy_XS_sell_L,256600,259900,34,-143.55978949999917,-45.49180949999936,-2.0549447125060727,-0.39169714525278476,-0.469926416022472,0.9666999806689603,0.8906398730276748,98.0679799999998,98.0679799999998,42.13787500000035,2.327311949166848,,True
3,-1,SHORT_SPREAD_sell_XS_buy_L,269900,279600,98,190.31896050000068,79.664678000001,2.296547652011559,0.3560815370348568,0.1629817439177296,0.8983252802261942,1.0323516124917238,110.65428249999968,110.65428249999968,101.50213249999979,1.0901670711204015,,True
3,1,LONG_SPREAD_buy_XS_sell_L,293600,300900,74,-173.68927949999943,-9.296181999999135,-2.1000779488406747,-0.39204747431852066,-1.215897578981566,0.2622432175318492,0.953976994861856,164.3930975000003,180.54532000000017,0.0,,,True
3,-1,SHORT_SPREAD_sell_XS_buy_L,316600,321800,53,101.56175050000093,24.17078550000042,2.033064899486296,0.3340137888549061,-0.04533952028321028,1.2016851557426036,0.9797364093782289,77.3909650000005,77.3909650000005,69.11521499999981,1.1197384685846774,,True
3,1,LONG_SPREAD_buy_XS_sell_L,330100,335800,58,-124.61114449999968,-57.86835449999944,-2.0233282102518566,-0.38652136242808344,-0.6081422492618845,0.039153563835446235,1.0409086807503602,66.74279000000024,66.74279000000024,95.04531999999926,0.7022206879833827,,True
3,1,LONG_SPREAD_buy_XS_sell_L,343500,347900,45,-245.48783449999974,-120.22032449999915,-2.239466667117746,-0.3595611084831352,-0.6255904691305619,-0.8643152300621434,1.039359392028772,125.26751000000058,125.26751000000058,58.26339000000007,2.1500209651378066,,True
3,1,LONG_SPREAD_buy_XS_sell_L,364900,404600,398,-276.8643794999989,-765.5394069999993,-2.0295257693273863,-0.15731999846396338,-0.5652864800611966,-0.33835862971109665,0.9687603889551826,-488.6750275000004,0.0,682.4569575000005,0.0,,False
3,-1,SHORT_SPREAD_sell_XS_buy_L,408600,423100,146,-567.7738844999994,-652.7534294999996,2.1666664853349706,0.1884279995242697,-0.515846901951133,1.2208147457115084,1.0398238045179549,84.97954500000014,84.97954500000014,176.64405499999975,0.48107786588119406,,True
3,-1,SHORT_SPREAD_sell_XS_buy_L,451800,458200,65,-556.6940519999998,-678.6322519999994,2.190547837278132,0.2852300134607196,-0.09676150872764776,1.568324003608554,0.8240539385630018,121.9381999999996,121.9381999999996,69.32519000000048,1.758930628246367,,True
3,1,LONG_SPREAD_buy_XS_sell_L,461300,464000,28,-920.3236869999992,-729.2083994999994,-2.0915817485568393,-0.2551347539695011,0.5086206624951045,0.7704577915804363,1.0787010289318295,191.1152874999998,191.1152874999998,9.022660000000542,21.18170112804742,,True
3,1,LONG_SPREAD_buy_XS_sell_L,482300,500500,183,-970.6384319999997,-1099.2927869999994,-2.0310299565786085,-0.28012680815309726,-0.9763625898290181,-0.9956002884038667,0.9160287970214163,-128.65435499999967,37.48352000000068,431.3293100000001,0.08690232527903256,,False
3,-1,SHORT_SPREAD_sell_XS_buy_L,517300,534400,172,-1051.0540444999997,-1039.9139644999996,2.0004074451968257,0.3637409382467565,-0.030833456988528324,-0.6030700243635675,1.0427825815054999,-11.140080000000125,2.0740875000001324,148.0124325000006,0.014012927596471492,,False
3,-1,SHORT_SPREAD_sell_XS_buy_L,543800,554700,110,-773.7615244999997,-818.9835694999992,2.319779357181703,0.35884517902697033,1.1504934333942776,-1.2560294032998542,0.9309540910446742,45.222044999999525,45.222044999999525,167.2861950000006,0.2703274170352154,,True
3,1,LONG_SPREAD_buy_XS_sell_L,564400,594400,301,-1102.2448994999995,-1458.5865694999993,-2.200425386772664,-0.3502796460507233,-1.0321295456931923,1.0674763982499846,0.972988022144024,-356.3416699999998,0.0,497.76971499999945,0.0,,False
3,-1,SHORT_SPREAD_sell_XS_buy_L,598200,603300,52,-1276.9157344999994,-1408.9445744999994,2.0453907805541545,0.39526419606038765,-0.28781258487650446,0.6293691612779169,1.0162141744168516,132.02883999999995,132.02883999999995,60.61933500000032,2.1779988183637986,,True
3,-1,SHORT_SPREAD_sell_XS_buy_L,625600,647800,223,-1214.664776999999,-1156.4548019999993,2.2947297971171983,0.39942503097024684,0.5614643462618345,1.1192408265172955,1.0357804698366286,-58.20997499999976,55.70990250000068,199.48977250000007,0.2792619481281962,,False
3,-1,SHORT_SPREAD_sell_XS_buy_L,649300,658200,90,-991.9815094999994,-1034.1399844999996,2.0379135500524588,0.39811975182765486,1.0306708480161053,1.7083322843434017,0.9884599034647839,42.15847500000018,42.15847500000018,173.04318750000039,0.24362978750608189,,True
3,-1,SHORT_SPREAD_sell_XS_buy_L,672000,686100,142,-852.5165294999997,-858.2142894999997,2.033048409565212,0.2568782881513699,-0.11165537544990782,-1.0930778513803268,1.0222900592609991,5.697760000000017,29.13581499999964,277.59056750000036,0.10495967230586681,,True
3,1,LONG_SPREAD_buy_XS_sell_L,715100,718300,33,-1058.6421169999994,-967.6502844999995,-2.13982636708692,-0.2866899022894478,0.16200850317548496,-3.8928361299862533,0.9003361265290969,90.99183249999987,90.99183249999987,5.316877500000373,17.113772604313993,,True
3,1,LONG_SPREAD_buy_XS_sell_L,723400,726700,34,-1058.5864244999993,-981.7489469999991,-2.26010428671892,-0.1919131405059764,-0.629909245381645,-4.7788583087338194,1.0497267812959277,76.8374775000002,76.8374775000002,68.81893750000017,1.1165164748438612,,True
3,-1,SHORT_SPREAD_sell_XS_buy_L,733800,749000,153,-847.8909419999991,-842.6686069999996,2.0088061404753823,0.32945028065815346,0.22523720915047113,-2.4863997800307187,1.0243112026512131,-5.222334999999475,71.80039750000014,199.5742325000001,0.35976787484326217,,False
3,1,LONG_SPREAD_buy_XS_sell_L,755600,764400,89,-1106.929936999999,-1030.2900019999997,-2.1010036461750583,-0.39535733401751305,-0.7259080178483078,2.204252862867121,1.0276215356703888,76.63993499999924,108.3395375,277.6853275000003,0.39015218584064326,,True
3,1,LONG_SPREAD_buy_XS_sell_L,792800,807400,147,-1212.9319244999997,-1204.4875444999998,-2.1658886812998293,-0.21413727536356444,-0.6549555914668422,-0.17783600234208125,0.9853313046954139,8.44437999999991,48.7694975000004,194.65854749999926,0.250538690061892,,True
3,-1,SHORT_SPREAD_sell_XS_buy_L,822300,831400,92,-1113.7735219999995,-1182.203554499999,2.0133273582082336,0.32017008024871824,0.5789194198291593,0.1361665346024822,0.935894859430966,68.43003249999947,71.45056000000022,50.738742500000626,1.4082051797006863,,True
3,-1,SHORT_SPREAD_sell_XS_buy_L,834100,836700,27,-1051.3022894999995,-1150.5410319999992,2.014725223685889,0.25524767194530695,0.8960881762015874,-0.16146692526341475,0.9449930939035865,99.23874249999972,99.23874249999972,15.86006499999985,6.2571460142187725,,True
3,-1,SHORT_SPREAD_sell_XS_buy_L,840100,856500,165,-1032.5286719999995,-935.9174319999993,2.249446298885241,0.3488381304303639,0.9439050068104853,2.3575385655537078,1.002349465465064,-96.61124000000018,4.076147499999934,338.09270000000015,0.012056301422656956,,False
3,-1,SHORT_SPREAD_sell_XS_buy_L,865600,885400,199,-654.6911219999993,-585.543091999999,2.1268532005200864,0.1894161173236276,0.7116485495067905,-0.33145448225037794,0.9862435149277509,-69.14803000000029,55.11940750000031,345.90531250000004,0.15934825372189187,,False
3,1,LONG_SPREAD_buy_XS_sell_L,902700,921200,186,-739.4215519999989,-741.995566999999,-2.0522276187993556,-0.31002886746398134,-0.6964202494984525,0.1574743482100935,1.046552973923835,-2.574015000000145,67.51647999999932,128.54120000000057,0.525251670281583,,False
3,-1,SHORT_SPREAD_sell_XS_buy_L,929800,955600,259,-658.3082519999989,-338.50572199999897,2.124731331959326,0.35187114066578806,-0.2623350196027138,1.5065130395104303,0.9821355797938334,-319.80252999999993,1.374485000000277,506.65442749999966,0.0027128648747479426,,False
3,-1,SHORT_SPREAD_sell_XS_buy_L,962500,977300,149,-97.44399449999946,-86.01609449999887,2.237587930960917,0.3583888717889046,0.5765828665374506,2.082756630864127,0.9553177134098548,-11.42790000000059,31.584387500000048,220.30245749999995,0.14336829401914436,,False
4,-1,SHORT_SPREAD_sell_XS_buy_L,34100,40400,64,30.572268000000804,-50.666401999998925,2.0253874045657696,0.2659245909754069,1.0950735551167263,1.3861729837499237,0.8903738888223801,81.23866999999973,81.23866999999973,62.07827999999972,1.308648854317486,,True
4,-1,SHORT_SPREAD_sell_XS_buy_L,46200,49800,37,103.2472230000003,0.09904800000094838,2.143534644252426,0.20927425717431508,0.5416240220161459,0.9231743736558226,0.9264481717847743,103.14817499999936,103.14817499999936,24.004120000000512,4.29710295565916,,True
4,-1,SHORT_SPREAD_sell_XS_buy_L,52200,57600,55,140.43453800000043,76.88105050000104,2.0247198486876896,0.3783814554778058,1.0319214896996873,1.679826485419557,0.9604717557233048,63.55348749999939,63.55348749999939,109.02266000000054,0.5829383313523911,,True
4,-1,SHORT_SPREAD_sell_XS_buy_L,61600,66600,51,234.67320800000107,129.59088050000082,2.032848004735141,0.2377725885523646,0.962230209983965,2.6731572309152405,1.0653181701848584,105.08232750000025,105.08232750000025,72.8950849999992,1.4415557304035163,,True
4,1,LONG_SPREAD_buy_XS_sell_L,75400,92700,174,-15.872111999999106,-93.72791199999938,-2.0121784595808663,-0.38109571600164294,-0.8100504289231675,1.2628449903933772,0.9575534172421313,-77.85580000000027,64.1728949999997,256.4361399999998,0.25024902886153155,,False
4,1,LONG_SPREAD_buy_XS_sell_L,106900,126000,192,-333.0777494999993,-395.77727949999917,-2.268693336770517,-0.194942374914742,-0.6403639538938084,-1.8091306619006218,0.9080387877356043,-62.69952999999987,81.74904249999963,330.6810624999998,0.24721416425229878,,False
4,-1,SHORT_SPREAD_sell_XS_buy_L,143300,167300,241,-183.11475699999937,-177.88432699999976,2.000857058366664,0.3983629230762392,0.9929791047673279,2.3447498205308275,1.0153319505143854,-5.230429999999615,165.4568849999996,187.1007950000003,0.8843195187919931,,False
4,-1,SHORT_SPREAD_sell_XS_buy_L,178500,181800,34,-24.88425449999886,-139.78963949999888,2.294718188015547,0.3270627272357014,-0.31499674549498624,0.25121194174825484,0.9691960564235006,114.90538500000002,114.90538500000002,37.65435499999967,3.051582877996477,,True
4,-1,SHORT_SPREAD_sell_XS_buy_L,202100,213100,111,20.72904550000112,16.72095050000098,2.103564860447419,0.2959035090208437,0.2548538330623139,1.2727704505582453,1.0407785719998008,4.008095000000139,53.629635000000235,239.8560899999993,0.22359088318333042,,True
4,1,LONG_SPREAD_buy_XS_sell_L,234000,255700,218,-44.63300699999945,-196.51793699999962,-2.1438640790041865,-0.36561931600753117,-0.9975183148997219,0.28756677687463644,1.0015876225003133,-151.88493000000017,2.4073724999998376,344.94047750000027,0.0069790954005965735,,False
4,1,LONG_SPREAD_buy_XS_sell_L,259500,282500,231,-446.8348144999991,-541.024261999999,-2.037375717423777,-0.24536117833012636,-0.5507176497879356,-0.552297677814759,0.9968996940921243,-94.18944749999991,172.82717749999938,314.0022775000007,0.5504010317249977,,False
4,-1,SHORT_SPREAD_sell_XS_buy_L,295300,300900,57,-379.05310199999894,-482.06546199999957,2.1094621179062276,0.3865317531192313,0.8409269020904491,2.2634639769130893,0.9903659696402183,103.01236000000063,103.01236000000063,94.55562000000009,1.0894366722993358,,True
4,1,LONG_SPREAD_buy_XS_sell_L,321000,333400,125,-795.7589569999991,-753.4832069999993,-2.0988044493269653,-0.39567880150212126,-0.7586284772605026,-0.5911456472267219,1.0496758746525847,42.27574999999979,85.77163000000019,153.93010500000037,0.5572115344168704,,True
4,1,LONG_SPREAD_buy_XS_sell_L,354400,373900,196,-942.8679194999995,-965.0922419999997,-2.0606320741457362,-0.30180647998165877,0.14593606392356318,-2.6359876144173895,0.9472456800788378,-22.2243225000002,75.95681250000052,221.75110249999943,0.3425318370175892,,False
4,1,LONG_SPREAD_buy_XS_sell_L,380400,386800,65,-1207.8659319999997,-1101.1909769999993,-2.0455517231668847,-0.3180178427598163,-0.8644651048672236,-0.8314056260793373,1.0853870598973248,106.67495500000041,106.67495500000041,79.53089999999975,1.341301997085419,,True
4,-1,SHORT_SPREAD_sell_XS_buy_L,398900,405400,66,-960.363726999999,-1047.355486999999,2.0479503611047782,0.38068873805944026,-0.16958486346742388,5.541596453426883,0.9988107159827344,86.99175999999989,86.99175999999989,96.91774499999974,0.8975834095190733,,True
4,-1,SHORT_SPREAD_sell_XS_buy_L,421700,425800,42,-785.166184499999,-942.6971569999996,2.0081437668276663,0.2224144737275892,1.0316354600953295,-0.0597893290575661,0.9333582178742519,157.53097250000064,157.53097250000064,0.39089249999960884,403.00331293170956,,True
4,1,LONG_SPREAD_buy_XS_sell_L,441500,465200,238,-1068.6683169999997,-1143.2526319999997,-2.132361541911479,-0.23233102814708298,-0.660401835159684,-0.45787269667051655,0.9483227292073652,-74.58431500000006,66.92598500000076,227.86418499999945,0.2937099790386143,,False
4,-1,SHORT_SPREAD_sell_XS_buy_L,475900,485500,97,-990.495421999999,-1078.9317069999997,2.0520226524254466,0.23927146289737922,0.9477572386831428,0.9835353704315634,0.937041422754795,88.43628500000068,88.43628500000068,45.89714499999991,1.9268362988591308,,True
4,1,LONG_SPREAD_buy_XS_sell_L,493000,494800,19,-1238.5860619999994,-1092.9275869999992,-2.3295829631512825,-0.28334473613424616,-0.7138326876907418,1.3844378991735395,0.9772740004062618,145.65847500000018,145.65847500000018,0.0,,,True
4,-1,SHORT_SPREAD_sell_XS_buy_L,503600,506600,31,-892.845186999999,-1033.5078544999997,2.361810191705079,0.3691280389293976,0.062641560999822,0.07821495642836707,0.9887382954005143,140.66266750000068,140.66266750000068,0.0,,,True
4,-1,SHORT_SPREAD_sell_XS_buy_L,525300,525900,7,-891.6621369999993,-1030.8494519999995,2.5218947205418494,0.33325676548871436,0.18367284055649644,3.493103327315075,1.0269343919428107,139.18731500000013,139.18731500000013,0.0,,,True
4,-1,SHORT_SPREAD_sell_XS_buy_L,533800,538600,49,-917.5778219999993,-1024.553174499999,2.3164833213993408,0.13244108030889307,0.27811073019419974,2.4522813050034413,0.9881716946342272,106.97535249999964,106.97535249999964,57.39302500000031,1.8639085934222681,,True
4,1,LONG_SPREAD_buy_XS_sell_L,547100,549200,22,-1160.335031999999,-1036.458486999999,-2.46036725927749,-0.2627430200871103,0.029448363845817813,-1.2673440351182,0.9940023548749654,123.87654500000008,123.87654500000008,20.13993500000015,6.150791698185677,,True
4,1,LONG_SPREAD_buy_XS_sell_L,563700,595800,322,-1140.221804499999,-1553.2612344999998,-2.1017755912744613,-0.38198188443167636,0.22849357440790988,-1.6986178310790911,0.905167913376779,-413.0394300000007,33.059667499999705,567.2102650000006,0.058284677728813086,,False
4,1,LONG_SPREAD_buy_XS_sell_L,608200,618100,100,-1737.9443569999994,-1679.892929499999,-2.0835157381409632,-0.26919077709858324,0.36646359335252576,1.4566969724893422,0.9608732648639647,58.0514275000005,63.17076249999991,146.13176750000002,0.4322863096827998,,True
4,1,LONG_SPREAD_buy_XS_sell_L,647800,650400,27,-1802.9526694999995,-1672.5287444999994,-2.0206707112045756,-0.3452671656997451,0.2242340252569301,-1.6486898144675755,0.9342105421268753,130.42392500000005,130.42392500000005,10.812757499999861,12.062041065842985,,True
4,1,LONG_SPREAD_buy_XS_sell_L,655200,671400,163,-1867.7201069999992,-1902.8601144999993,-2.050178579128033,-0.3440344912931197,-0.9566860482366658,0.4802163008702385,0.9143631674012396,-35.14000750000014,26.388904999999795,192.5556200000001,0.1370456234930966,,False
4,1,LONG_SPREAD_buy_XS_sell_L,678600,704100,256,-2132.701784499999,-2295.823324499999,-2.0855667981523425,-0.31119546809601434,-0.0895219916542547,-1.3598020783088762,1.0022905171957173,-163.1215400000001,108.25926999999956,497.1751000000004,0.2177487770405225,,False
4,-1,SHORT_SPREAD_sell_XS_buy_L,718300,728700,105,-2155.617469499999,-2289.304784499999,2.137859267946542,0.2586798318040488,0.007904958188002777,1.2327186756254391,0.9727717298338735,133.68731500000013,133.68731500000013,7.753090000000157,17.24310113773959,,True
4,-1,SHORT_SPREAD_sell_XS_buy_L,739100,740300,13,-2029.891159499999,-2214.212229499999,2.2373367264715123,0.28870473661103196,0.9179618981530235,1.1826924285087799,0.9452373689576572,184.32106999999996,184.32106999999996,0.0,,,True
4,-1,SHORT_SPREAD_sell_XS_buy_L,742800,746100,34,-2038.4920269999993,-2159.202001999999,2.0178076396027986,0.3410696965674223,0.9235503674666512,0.7594450543104307,1.1056607292325351,120.70997499999976,120.70997499999976,25.995880000000398,4.64342715076381,,True
4,1,LONG_SPREAD_buy_XS_sell_L,758200,774000,159,-2291.9140369999996,-2333.249454499999,-2.065982458663819,-0.16394964768967046,-0.4875036526849681,-1.2558602346749623,0.936457692445252,-41.335417499999494,73.26544999999987,330.69555500000024,0.2215495457748134,,False
4,-1,SHORT_SPREAD_sell_XS_buy_L,795800,811400,157,-2322.325529499999,-2329.389389499999,2.2204859344441736,0.18839481628082255,0.37202108789097293,0.2549837150366824,1.0020933761805464,7.063860000000204,75.07614749999993,220.63169500000004,0.34027816130406796,,True
4,-1,SHORT_SPREAD_sell_XS_buy_L,817600,829800,123,-2044.9983519999996,-2142.6115794999996,2.064505071741318,0.38934193168111947,0.7538736583792749,1.853687967426249,1.0807534696572016,97.6132275,168.42186499999934,37.15634250000039,4.532789119381101,,True
4,-1,SHORT_SPREAD_sell_XS_buy_L,833900,839100,53,-2002.2905819999996,-2096.4139644999996,2.2186975585112205,0.2908268283221169,0.9217885002821735,2.5704747032814286,0.9802658321713804,94.12338249999993,94.12338249999993,66.25103000000036,1.42070821389493,,True
4,1,LONG_SPREAD_buy_XS_sell_L,843400,852000,87,-2262.3317819999993,-2153.786534499999,-2.2876044052513427,-0.12720196742155268,0.11172261473485975,0.05620956365287631,0.9200551502884409,108.54524750000019,108.54524750000019,152.9589450000003,0.7096364812139622,,True
4,1,LONG_SPREAD_buy_XS_sell_L,866100,869600,36,-2413.8092669999996,-2285.8545145,-2.0046825482769806,-0.3780852993194731,-0.9061292335996157,1.3520183738997407,1.0138971246373514,127.95475249999981,127.95475249999981,87.77986999999939,1.4576776258611537,,True
4,-1,SHORT_SPREAD_sell_XS_buy_L,896900,911100,143,-1963.9986419999996,-1923.1014969999997,2.0061434600347705,0.3572603241659232,0.2803665091398141,0.9043060967786332,0.9818689502841701,-40.89714499999991,84.24690999999984,273.47954500000014,0.3080556171029164,,False
4,-1,SHORT_SPREAD_sell_XS_buy_L,925100,929800,48,-1581.1569719999998,-1754.6220969999995,2.0398654036427857,0.022201694108311024,0.9562082490799344,-0.6954972211765457,0.9077306000236617,173.46512499999972,173.46512499999972,20.421792500000265,8.494118476622337,,True
4,-1,SHORT_SPREAD_sell_XS_buy_L,938200,943200,51,-1515.202146999999,-1651.9737769999992,2.000343573662131,0.22419834136776054,0.6626440836608263,1.1602525448102832,1.040555967486185,136.7716300000002,136.7716300000002,15.502059999999801,8.822803549979934,,True
4,-1,SHORT_SPREAD_sell_XS_buy_L,949900,962200,124,-1481.3172894999998,-1512.1528519999993,2.0591525825300283,0.3377253936940525,0.7861609742872204,-0.4642813334372034,0.9663124687278546,30.83556249999947,45.71402249999937,87.84976500000084,0.52036590536126,,True
4,1,LONG_SPREAD_buy_XS_sell_L,966100,994900,289,-1659.4347819999994,-1860.333986999999,-2.10710073625196,-0.38195047491135703,0.12635478305069264,0.2649234387358262,0.9163253003043464,-200.8992049999997,50.471160000000054,372.93010500000037,0.13533678113758074,,False
4,1,LONG_SPREAD_buy_XS_sell_L,998900,999900,11,-2069.4040269999996,-2022.249671999999,-2.0003032165521777,-1.4908809626172916,-0.7288887607829363,-3.0288832470860365,1.1427131249081355,47.15435500000058,,,,True,True
