day,direction,direction_name,entry_timestamp,exit_timestamp,duration_bars,entry_z,exit_z,entry_drift_z,entry_accel_z,profit_units,exit_reason,cum_profit_units
2,1,LONG_SPREAD_buy_XS_sell_L,43200,53200,101,-2.001880058248528,-0.22337113546469936,-0.9264982069701447,1.30084345476842,75.91142000000036,mean_revert_exit,75.91142000000036
2,-1,SHORT_SPREAD_sell_XS_buy_L,77900,82900,51,2.4475023355589043,0.2049875620453394,0.9863683074486085,1.3621074038868628,206.76339000000007,mean_revert_exit,282.67481000000043
2,1,LONG_SPREAD_buy_XS_sell_L,99600,102900,34,-2.2996222072539387,-0.15835311548896083,-0.24106344439050417,0.6420978130207027,132.02067249999982,mean_revert_exit,414.69548250000025
2,-1,SHORT_SPREAD_sell_XS_buy_L,108300,115100,69,2.9195864849079394,0.25672130636165463,0.08213587943895893,-1.1124143515955762,145.63787499999944,mean_revert_exit,560.3333574999997
2,1,LONG_SPREAD_buy_XS_sell_L,131900,132600,8,-2.111935974414899,-2.6192322953349683,-0.3614629765917248,-0.8885721305869547,-54.08850750000056,adverse_z_exit,506.24484999999913
2,1,LONG_SPREAD_buy_XS_sell_L,133100,151100,181,-2.309828687206344,-1.034379077790447,-0.80690198906473,1.107305563079214,-100.3951575000001,max_hold_exit,405.84969249999904
2,1,LONG_SPREAD_buy_XS_sell_L,162000,165500,36,-2.0999389769363943,-0.22362414092272437,-0.9456738262285261,0.3764956712316176,161.8478500000001,mean_revert_exit,567.6975424999991
2,-1,SHORT_SPREAD_sell_XS_buy_L,178000,192100,142,3.127707800198408,0.22197300945361625,0.1298695510623991,0.4229437793565876,75.87242499999957,mean_revert_exit,643.5699674999987
2,1,LONG_SPREAD_buy_XS_sell_L,201200,213300,122,-2.5471442083695557,-0.055966055457265795,-0.9622550471434935,0.19036119646882171,238.80878250000023,mean_revert_exit,882.378749999999
2,1,LONG_SPREAD_buy_XS_sell_L,231200,231500,4,-2.1301950379434853,-2.8274744367099958,-0.9796501412242646,0.6747725838216515,-58.56584750000002,adverse_z_exit,823.8129024999989
2,1,LONG_SPREAD_buy_XS_sell_L,231800,242000,103,-2.645541261395265,-0.2922088856640469,-1.0815756296355934,-0.2156442416308032,126.85388499999954,mean_revert_exit,950.6667874999985
2,1,LONG_SPREAD_buy_XS_sell_L,275700,279400,38,-2.5818649489946734,-0.17003013143644072,-0.20918804706389263,-0.05822717554753538,150.9507050000002,mean_revert_exit,1101.6174924999987
2,1,LONG_SPREAD_buy_XS_sell_L,282500,296100,137,-2.47704397032094,0.06982476194681839,-1.1402321379019247,-1.4575095991481555,101.26140250000026,mean_revert_exit,1202.878894999999
2,-1,SHORT_SPREAD_sell_XS_buy_L,305700,307800,22,2.2924346415366683,0.2747080852471722,1.1972224244064598,-0.7939851225171318,149.96711249999953,mean_revert_exit,1352.8460074999984
2,-1,SHORT_SPREAD_sell_XS_buy_L,318400,328400,101,2.5494586958653236,-0.16412103252897822,0.9789899446897187,-0.15835616148484094,176.31687750000037,mean_revert_exit,1529.1628849999988
2,1,LONG_SPREAD_buy_XS_sell_L,332200,349500,174,-2.2407834371383735,-0.12351805862239869,0.4105183256413855,-2.297090023020233,12.127502500000446,mean_revert_exit,1541.2903874999993
2,1,LONG_SPREAD_buy_XS_sell_L,385400,385700,4,-2.1577189602687454,-2.985179881872294,-0.14487066060836543,0.04744270375966297,-69.12757500000043,adverse_z_exit,1472.1628124999988
2,1,LONG_SPREAD_buy_XS_sell_L,386800,399900,132,-3.582751332706236,-0.2595738228561039,-0.6064682313831558,-1.282883802617609,144.88485750000018,mean_revert_exit,1617.047669999999
2,-1,SHORT_SPREAD_sell_XS_buy_L,416200,417000,9,2.5274480540125523,3.0668664848367184,1.0581335153445748,-0.2614461068043044,-83.3312975000008,adverse_z_exit,1533.7163724999982
2,-1,SHORT_SPREAD_sell_XS_buy_L,417200,417900,8,2.7736270035559953,3.361172288003809,1.2105277628492974,-0.507297085028678,-102.89103749999958,adverse_z_exit,1430.8253349999986
2,-1,SHORT_SPREAD_sell_XS_buy_L,418100,430000,120,3.223376531017155,0.29436840509955375,1.2832165086274683,-0.4551528585613191,174.34358499999962,mean_revert_exit,1605.1689199999983
2,-1,SHORT_SPREAD_sell_XS_buy_L,437200,452700,156,2.154476729707415,0.2781294898058555,0.47128351735874807,0.808669751292254,117.21821499999987,mean_revert_exit,1722.3871349999981
2,1,LONG_SPREAD_buy_XS_sell_L,462400,467000,47,-2.24309333567342,-2.820655904762688,-0.31881329290443716,1.6257846759329826,-65.25927000000047,adverse_z_exit,1657.1278649999977
2,1,LONG_SPREAD_buy_XS_sell_L,467300,478600,114,-2.7164113982707287,-0.29963681533917774,-1.3211629075301363,-0.9676081773074428,88.7861225000006,mean_revert_exit,1745.9139874999983
2,-1,SHORT_SPREAD_sell_XS_buy_L,513200,515100,20,2.0834268420605366,-0.013938990441287128,0.4332240268657567,-1.1820920365868917,108.58850749999965,mean_revert_exit,1854.502494999998
2,1,LONG_SPREAD_buy_XS_sell_L,518100,518400,4,-2.493281582149252,-3.0652959011455536,0.02748264279241862,0.6139764283525234,-37.63375499999984,adverse_z_exit,1816.868739999998
2,1,LONG_SPREAD_buy_XS_sell_L,519100,535600,166,-4.111964872038504,-0.2957114386622588,-0.318055800733857,-1.2629120126237583,45.00397499999963,mean_revert_exit,1861.8727149999977
2,-1,SHORT_SPREAD_sell_XS_buy_L,546500,558100,117,2.2221064170092566,0.2561654101133694,1.4286856405537405,-1.1369628505473246,178.31268499999987,mean_revert_exit,2040.1853999999976
2,1,LONG_SPREAD_buy_XS_sell_L,566100,584100,181,-2.3135380193150956,-1.031805636109761,-0.9931190757855958,1.0941927273425012,-284.5721000000003,max_hold_exit,1755.6132999999973
2,1,LONG_SPREAD_buy_XS_sell_L,593500,604000,106,-2.2511892565909943,-0.2933864945796234,-0.8222243691775494,0.22801384890219384,119.5638599999993,mean_revert_exit,1875.1771599999965
2,1,LONG_SPREAD_buy_XS_sell_L,632200,633400,13,-2.645299757417475,-3.3021995017091927,-0.7687259629441251,0.4711133023844251,-55.29017000000022,adverse_z_exit,1819.8869899999963
2,1,LONG_SPREAD_buy_XS_sell_L,633700,638000,44,-3.3827748795477435,-0.08799455582132161,-1.1723329158867046,-1.5705227675832998,199.24691000000075,mean_revert_exit,2019.133899999997
2,1,LONG_SPREAD_buy_XS_sell_L,653800,657200,35,-2.2306773832647746,-0.2806592356874159,-0.49616864842716196,0.3765373143353407,127.40943249999964,mean_revert_exit,2146.5433324999967
2,-1,SHORT_SPREAD_sell_XS_buy_L,678000,682100,42,2.241009929072672,0.21714814923591463,0.41903138190940814,-0.8932450212003206,132.76758249999966,mean_revert_exit,2279.3109149999964
2,1,LONG_SPREAD_buy_XS_sell_L,692200,695000,29,-2.032303885326126,-2.5574976346056952,-0.1772527563145933,-1.3540462271335487,-62.88066499999968,adverse_z_exit,2216.4302499999967
2,1,LONG_SPREAD_buy_XS_sell_L,695500,698800,34,-2.3434553032075125,-0.2293346036640257,-0.8580985219316338,1.0939646903954583,147.81489000000056,mean_revert_exit,2364.2451399999973
2,1,LONG_SPREAD_buy_XS_sell_L,701300,702900,17,-2.010693966156246,-0.16949498007614267,-1.1975002002386057,-1.0259642083031906,175.41980500000045,mean_revert_exit,2539.6649449999977
2,1,LONG_SPREAD_buy_XS_sell_L,713700,730900,173,-2.4581088279471657,-0.25215763597465224,-0.21699544876149188,0.6167874232166424,-18.216082500000994,mean_revert_exit,2521.4488624999967
2,-1,SHORT_SPREAD_sell_XS_buy_L,768000,768400,5,2.848701000074337,3.4765300173016778,0.2581697730228695,3.475456956455585,-43.13993500000015,adverse_z_exit,2478.3089274999966
2,-1,SHORT_SPREAD_sell_XS_buy_L,769100,787100,181,3.916690530980388,0.9447489213107338,0.39988750966692727,2.9507506367376877,-46.382870000000366,max_hold_exit,2431.926057499996
2,-1,SHORT_SPREAD_sell_XS_buy_L,794700,795000,4,2.2598169083765836,2.8235944663870187,1.0347091589536794,0.17335343176423257,-75.37860499999988,adverse_z_exit,2356.5474524999963
2,-1,SHORT_SPREAD_sell_XS_buy_L,795500,808200,128,2.984778089174723,0.19845122182175065,1.1364647614110892,0.3964720034985877,163.48565250000047,mean_revert_exit,2520.033104999997
2,1,LONG_SPREAD_buy_XS_sell_L,818100,819600,16,-2.3056999517661945,-2.8551158256344737,-0.7221858696346635,-0.3346703385334008,-88.29840999999942,adverse_z_exit,2431.7346949999974
2,1,LONG_SPREAD_buy_XS_sell_L,819800,837800,181,-2.5868862295112516,-1.734813825933322,-1.0143453968337213,0.4696956800911405,-485.64420000000064,max_hold_exit,1946.0904949999967
2,1,LONG_SPREAD_buy_XS_sell_L,839600,852700,132,-2.099717375166997,-0.26036389361785894,-1.1888052638387223,0.5510724075141772,121.72034749999966,mean_revert_exit,2067.8108424999964
2,1,LONG_SPREAD_buy_XS_sell_L,879200,884100,50,-2.223353480408737,-0.24985436846157785,-0.07010745882064345,-0.7582852979076657,211.1749549999995,mean_revert_exit,2278.985797499996
2,-1,SHORT_SPREAD_sell_XS_buy_L,903100,921100,181,3.255986929752307,1.0779517800936564,0.563363062006638,-0.3132320242674867,-378.7778100000005,max_hold_exit,1900.2079874999954
2,1,LONG_SPREAD_buy_XS_sell_L,966200,967100,10,-2.184548941990922,-0.19518026533589466,-0.6960903370305086,-2.373435107634581,112.40950499999963,mean_revert_exit,2012.617492499995
2,1,LONG_SPREAD_buy_XS_sell_L,979200,997200,181,-2.868577880295859,-0.5927338819396979,-0.9570087171084597,-0.27100555298612705,-65.86006499999985,max_hold_exit,1946.7574274999952
3,1,LONG_SPREAD_buy_XS_sell_L,30100,33800,38,-2.4765759826778457,-0.19810055230551546,-1.2396168694590748,-0.3444679189441529,171.01648000000023,mean_revert_exit,2117.7739074999954
3,-1,SHORT_SPREAD_sell_XS_buy_L,44000,62000,181,2.30644504576862,1.0404688618870075,0.82058791388013,-0.45616888530568783,-190.7778099999996,max_hold_exit,1926.9960974999958
3,1,LONG_SPREAD_buy_XS_sell_L,84400,88300,40,-2.173695542857007,-0.13447324139986117,-0.8498800343063884,-0.3566733024266262,121.6173475000005,mean_revert_exit,2048.6134449999963
3,1,LONG_SPREAD_buy_XS_sell_L,97000,97600,7,-2.538161612187691,-3.0759067328910374,-0.407820180244704,0.08586314088647816,-51.01854000000003,adverse_z_exit,1997.5949049999963
3,1,LONG_SPREAD_buy_XS_sell_L,98100,105600,76,-3.3141331465620625,-0.25144517090826096,-0.6640099085066772,-1.7919780857736916,156.5617999999995,mean_revert_exit,2154.156704999996
3,-1,SHORT_SPREAD_sell_XS_buy_L,114400,118300,40,2.1298648619153764,0.2429765183411557,0.7830173102692684,0.352894547681697,159.58446000000004,mean_revert_exit,2313.741164999996
3,1,LONG_SPREAD_buy_XS_sell_L,131800,141600,99,-2.3712927112599296,-0.2957104743643986,-1.3191433960094145,-0.3536043525310425,158.99602500000037,mean_revert_exit,2472.737189999996
3,1,LONG_SPREAD_buy_XS_sell_L,176300,190100,139,-2.6367007336682384,-0.2953394137610514,-0.6320781227256925,-0.2488460116615498,-23.652295000000777,mean_revert_exit,2449.0848949999954
3,1,LONG_SPREAD_buy_XS_sell_L,229300,237500,83,-2.068437419960811,-0.19476149122744096,-1.1482672216901468,-0.4555100069671109,142.70585500000016,mean_revert_exit,2591.7907499999956
3,1,LONG_SPREAD_buy_XS_sell_L,256900,260700,39,-2.2239674234144498,-0.196593330539527,-0.5525991803446612,1.2556253901023051,131.16884750000008,mean_revert_exit,2722.9595974999957
3,-1,SHORT_SPREAD_sell_XS_buy_L,270200,270500,4,2.1275517611165444,2.6328195465461035,0.25417242287121655,-0.23390386503807511,-52.267510000000584,adverse_z_exit,2670.692087499995
3,-1,SHORT_SPREAD_sell_XS_buy_L,270700,271200,6,2.187323573669655,2.761278213497091,0.4132407602407015,-1.333341536537803,-65.83129749999989,adverse_z_exit,2604.860789999995
3,-1,SHORT_SPREAD_sell_XS_buy_L,271400,283000,117,2.2440191564246126,0.20304284102969178,0.6220171057543376,-0.6017317646958916,140.68724250000014,mean_revert_exit,2745.5480324999953
3,-1,SHORT_SPREAD_sell_XS_buy_L,316800,317700,10,2.098919433576637,2.686641556092387,0.005548564317068078,1.0040648622287252,-56.609035000000404,adverse_z_exit,2688.938997499995
3,-1,SHORT_SPREAD_sell_XS_buy_L,317900,322000,42,2.481079276625521,0.15424458929187715,0.2952752960314908,1.2030430038974937,145.3950850000001,mean_revert_exit,2834.334082499995
3,1,LONG_SPREAD_buy_XS_sell_L,330700,337200,66,-2.621703497629031,-0.09897003400898859,-0.7145378852589587,-2.2870696944580593,139.13375499999984,mean_revert_exit,2973.467837499995
3,1,LONG_SPREAD_buy_XS_sell_L,343700,349400,58,-2.105079570732819,-0.292461672401716,-0.647354709148301,-0.928408777719428,113.73249000000033,mean_revert_exit,3087.200327499995
3,1,LONG_SPREAD_buy_XS_sell_L,366000,384000,181,-3.6302172353587263,-1.8716963632923478,-0.6930619558477253,-2.8767510967348957,-353.3560900000002,max_hold_exit,2733.844237499995
3,-1,SHORT_SPREAD_sell_XS_buy_L,409000,409600,7,2.0005737029763653,2.652757741713505,-0.3553845675688323,-0.10922091864670952,-58.11727500000052,adverse_z_exit,2675.7269624999944
3,-1,SHORT_SPREAD_sell_XS_buy_L,410000,423100,132,2.2494480309054157,0.1884279995242697,0.12925798906730757,-2.359517747607456,89.45894500000031,mean_revert_exit,2765.1859074999948
3,-1,SHORT_SPREAD_sell_XS_buy_L,452100,458200,62,2.0891311322461523,0.2852300134607196,-0.007139109822846808,1.1405646703050796,113.57195500000034,mean_revert_exit,2878.757862499995
3,1,LONG_SPREAD_buy_XS_sell_L,484100,485800,18,-2.037093450282346,-2.655133361312961,-1.0523857213294923,0.659716901714534,-125.40332500000022,adverse_z_exit,2753.354537499995
3,1,LONG_SPREAD_buy_XS_sell_L,486100,500500,145,-2.719401585904843,-0.28012680815309726,-1.2101489808054868,-0.048989398912257835,58.15847500000018,mean_revert_exit,2811.513012499995
3,-1,SHORT_SPREAD_sell_XS_buy_L,518300,520100,19,2.26196055424334,2.7748592582558045,0.22764558368913546,-0.5756347358305123,-94.10910749999948,adverse_z_exit,2717.4039049999956
3,-1,SHORT_SPREAD_sell_XS_buy_L,520400,534900,146,2.6128863964647113,0.2633701477924585,0.9189173077962675,-1.9943363172346813,131.8847125000002,mean_revert_exit,2849.288617499996
3,-1,SHORT_SPREAD_sell_XS_buy_L,544000,544500,6,2.2361811569222687,2.8365144107411115,1.1947542639595408,-1.6835598334791673,-53.74485000000004,adverse_z_exit,2795.5437674999957
3,-1,SHORT_SPREAD_sell_XS_buy_L,544700,554900,103,2.756049169178562,0.1828651694322251,1.3175981309016773,-0.05193151502508523,110.73028500000055,mean_revert_exit,2906.2740524999963
3,1,LONG_SPREAD_buy_XS_sell_L,565200,583200,181,-2.447169380660976,-1.1233690880038851,-1.162256526726789,0.4869573477487644,-343.76971499999945,max_hold_exit,2562.504337499997
3,-1,SHORT_SPREAD_sell_XS_buy_L,598800,604000,53,2.5201680099333283,0.20808369321020279,-0.0015268588113846386,0.35600346174465236,184.3971449999999,mean_revert_exit,2746.9014824999967
3,-1,SHORT_SPREAD_sell_XS_buy_L,626000,644000,181,2.3409536384166447,1.6527766529278214,0.6260446339670025,0.27625009248615046,-139.1728950000006,max_hold_exit,2607.728587499996
3,-1,SHORT_SPREAD_sell_XS_buy_L,651900,659300,75,2.4939114278235404,0.1939165255097616,1.0462826339716533,0.219765222600725,143.68930249999994,mean_revert_exit,2751.417889999996
3,-1,SHORT_SPREAD_sell_XS_buy_L,674800,675000,3,2.063221902295852,2.6959930834238444,0.7032697811727802,-1.0098599373333534,-66.02059999999983,adverse_z_exit,2685.3972899999962
3,-1,SHORT_SPREAD_sell_XS_buy_L,675200,676300,12,2.7062931710298774,3.4668369307242823,0.7939909930675465,-0.5775016164759551,-137.19342250000045,adverse_z_exit,2548.203867499996
3,-1,SHORT_SPREAD_sell_XS_buy_L,676500,686100,97,3.3570066781306283,0.2568782881513699,1.0445239146037992,0.5161985563509807,272.59696500000064,mean_revert_exit,2820.8008324999964
3,1,LONG_SPREAD_buy_XS_sell_L,723500,723600,2,-2.158255910527843,-2.7984575989949687,-0.6274865932619814,-4.215418263311425,-30.87654500000008,adverse_z_exit,2789.9242874999964
3,1,LONG_SPREAD_buy_XS_sell_L,723900,726700,29,-2.58559558255493,-0.1919131405059764,-0.6198457455777613,-4.471700623964697,100.2819300000001,mean_revert_exit,2890.2062174999965
3,-1,SHORT_SPREAD_sell_XS_buy_L,734400,749100,148,2.7646798897740896,0.10080214719052649,0.4948297312002551,-0.020366034762336477,76.22623750000002,mean_revert_exit,2966.4324549999965
3,1,LONG_SPREAD_buy_XS_sell_L,758000,764500,66,-2.5219433519053673,-0.24873672184466245,-1.2839155438799845,-0.4584830807273033,179.53090000000066,mean_revert_exit,3145.963354999997
3,1,LONG_SPREAD_buy_XS_sell_L,793000,796200,33,-2.2346269418851556,-2.8419159703182397,-0.6873791028146911,-0.6015874977498806,-117.24698249999983,adverse_z_exit,3028.7163724999973
3,1,LONG_SPREAD_buy_XS_sell_L,796400,807400,111,-2.7908993260065293,-0.21413727536356444,-1.0863657577457577,0.0987348349990636,137.51029999999992,mean_revert_exit,3166.226672499997
3,-1,SHORT_SPREAD_sell_XS_buy_L,825700,831500,59,2.093120335936126,0.2930802997195639,0.9688029708169881,-0.10186967846376688,102.49595250000039,mean_revert_exit,3268.7226249999976
3,-1,SHORT_SPREAD_sell_XS_buy_L,840200,841600,15,2.1690965021658206,2.9193674761513004,0.944083430231303,1.4762087384844933,-66.91362500000014,adverse_z_exit,3201.8089999999975
3,-1,SHORT_SPREAD_sell_XS_buy_L,842100,856600,146,3.302727028894786,0.22074527773549893,0.9885374586074586,1.3711047354418862,27.25301750000017,mean_revert_exit,3229.0620174999976
3,-1,SHORT_SPREAD_sell_XS_buy_L,866000,871800,59,2.515285871604109,3.276342966160972,0.7915847224743788,0.23295112169939738,-180.30871000000025,adverse_z_exit,3048.7533074999974
3,-1,SHORT_SPREAD_sell_XS_buy_L,872000,885400,135,2.9962308923139056,0.1894161173236276,1.3573733225294584,0.1590432576459846,150.78825499999948,mean_revert_exit,3199.541562499997
3,1,LONG_SPREAD_buy_XS_sell_L,903100,921100,181,-2.1561040660193354,-0.4445649817584678,-0.7470468889598466,0.43605353109606665,5.794289999999819,max_hold_exit,3205.3358524999967
3,-1,SHORT_SPREAD_sell_XS_buy_L,930600,931100,6,3.548240329834543,4.148358447302711,0.10874101758014129,3.3189882146898135,-55.9958800000004,adverse_z_exit,3149.3399724999963
3,-1,SHORT_SPREAD_sell_XS_buy_L,931500,949500,181,4.307986266257856,1.131852029878649,0.5145682100002127,2.2994344614672277,-212.54119999999966,max_hold_exit,2936.7987724999966
3,-1,SHORT_SPREAD_sell_XS_buy_L,962600,963800,13,2.036112233553939,2.5694357274492314,0.5825418723640508,1.6617856651185108,-60.06584750000002,adverse_z_exit,2876.7329249999966
3,-1,SHORT_SPREAD_sell_XS_buy_L,964100,977400,134,2.4376313097063433,0.15436412292818164,0.7966644822429475,-0.5204484759917536,49.804589999999735,mean_revert_exit,2926.5375149999963
4,-1,SHORT_SPREAD_sell_XS_buy_L,34800,40400,57,2.326169672686271,0.2659245909754069,1.1409958356998602,2.166381507406568,117.49381999999969,mean_revert_exit,3044.031334999996
4,-1,SHORT_SPREAD_sell_XS_buy_L,46400,49800,35,2.0176585089538834,0.20927425717431508,0.5268484038243593,1.8794884727091168,97.02059999999983,mean_revert_exit,3141.051934999996
4,-1,SHORT_SPREAD_sell_XS_buy_L,52600,53000,5,2.436710720669525,3.0191943600611575,1.064928962477279,0.46516446595505523,-56.75309000000016,adverse_z_exit,3084.2988449999957
4,-1,SHORT_SPREAD_sell_XS_buy_L,53300,57800,46,2.9540572118286668,0.07098417960668958,1.1379332048146036,0.5312380797132362,190.15641499999947,mean_revert_exit,3274.455259999995
4,-1,SHORT_SPREAD_sell_XS_buy_L,62400,66600,43,2.1080104530845225,0.2377725885523646,0.9327553133120966,1.2816496031359255,122.01655250000022,mean_revert_exit,3396.4718124999954
4,1,LONG_SPREAD_buy_XS_sell_L,75600,79900,44,-2.0107326037806135,-2.5644735591625767,-0.8552861611244964,0.6642274986197627,-95.20776999999998,adverse_z_exit,3301.2640424999954
4,1,LONG_SPREAD_buy_XS_sell_L,80500,96400,160,-3.130114207699559,-0.24112079240508638,-1.259876218756555,-2.6281457382504967,79.66678749999937,mean_revert_exit,3380.930829999995
4,1,LONG_SPREAD_buy_XS_sell_L,107200,109500,24,-2.3676552944239315,-2.9344073990692894,-0.6745920947205923,-3.256845847370972,-28.681062499999825,adverse_z_exit,3352.249767499995
4,1,LONG_SPREAD_buy_XS_sell_L,112700,113900,13,-2.2363472547388303,-2.7377917033414203,-1.0827231257401082,-0.7698587446993692,-47.9465124999997,adverse_z_exit,3304.3032549999953
4,1,LONG_SPREAD_buy_XS_sell_L,114400,114800,5,-3.458450026098149,-3.978276568332652,-1.2838699859032723,0.445896438137147,-67.76132999999936,adverse_z_exit,3236.541924999996
4,1,LONG_SPREAD_buy_XS_sell_L,115100,126000,110,-3.4515868323892165,-0.194942374914742,-1.2297572562642884,-2.802636806547795,121.63581500000055,mean_revert_exit,3358.1777399999964
4,-1,SHORT_SPREAD_sell_XS_buy_L,163000,167500,46,2.706803212896446,0.283087373071895,0.8348173872984382,0.1762486959152906,124.57607499999995,mean_revert_exit,3482.7538149999964
4,-1,SHORT_SPREAD_sell_XS_buy_L,178800,182200,35,2.3639193660722695,-0.024559635063479072,-0.2053235943353079,0.7069348817615614,154.76964250000037,mean_revert_exit,3637.5234574999968
4,-1,SHORT_SPREAD_sell_XS_buy_L,203300,204600,14,2.1613536225536105,2.7413187739279086,0.31565214736854796,-0.23838502556725372,-59.60910750000039,adverse_z_exit,3577.9143499999964
4,-1,SHORT_SPREAD_sell_XS_buy_L,205100,213100,81,2.731068389253397,0.2959035090208437,0.8094710936788907,-1.9205901065835744,81.24072999999953,mean_revert_exit,3659.155079999996
4,1,LONG_SPREAD_buy_XS_sell_L,234400,238600,43,-2.3593296481072366,-2.861200624493989,-1.0458482717035464,-1.4274097155683738,-142.6256599999997,adverse_z_exit,3516.529419999996
4,1,LONG_SPREAD_buy_XS_sell_L,238800,255800,171,-2.7280017317146403,-0.27624638888678854,-1.1353440891309587,-0.0784328017534161,20.008240000000114,mean_revert_exit,3536.5376599999963
4,1,LONG_SPREAD_buy_XS_sell_L,265800,267800,21,-2.6494410922164353,-3.3010499870498964,-1.0361746719254499,-1.8886830935136953,-133.5535600000003,adverse_z_exit,3402.984099999996
4,1,LONG_SPREAD_buy_XS_sell_L,268200,282500,144,-3.1420664473993387,-0.24536117833012636,-1.0655809520917976,-0.5144612902898699,129.65435500000058,mean_revert_exit,3532.6384549999966
4,-1,SHORT_SPREAD_sell_XS_buy_L,295500,301000,56,2.076115063222677,-0.13788357591451744,0.848189825315699,2.1531436293410025,164.03708000000006,mean_revert_exit,3696.6755349999967
4,1,LONG_SPREAD_buy_XS_sell_L,324000,333800,99,-2.1116719223880853,-0.02076813569567623,-0.9218078382298025,-0.02038986332471131,139.42804499999966,mean_revert_exit,3836.1035799999963
4,1,LONG_SPREAD_buy_XS_sell_L,355600,373600,181,-2.189080658278896,-0.8443517252492337,-0.023934019732407403,0.07783834320038759,-66.02266000000054,max_hold_exit,3770.080919999996
4,1,LONG_SPREAD_buy_XS_sell_L,381000,386900,60,-2.2192788766441542,-0.06675251816032099,-0.8793996787249336,-0.61594974267996,156.4486450000004,mean_revert_exit,3926.529564999996
4,-1,SHORT_SPREAD_sell_XS_buy_L,399100,405500,65,2.2323904232211444,0.1777377180434993,-0.1555501805554071,5.026128845841187,126.06172750000042,mean_revert_exit,4052.5912924999966
4,1,LONG_SPREAD_buy_XS_sell_L,444300,454900,107,-2.242405601575773,-2.775862077292026,-0.8574842624540463,-0.407575674400152,-170.42385250000007,adverse_z_exit,3882.1674399999965
4,1,LONG_SPREAD_buy_XS_sell_L,455300,465200,100,-2.644067645259692,-0.23233102814708298,-1.2918284734687198,-0.33727564862409964,128.8992049999997,mean_revert_exit,4011.0666449999962
4,-1,SHORT_SPREAD_sell_XS_buy_L,476100,476400,4,2.0305054477021365,2.5513670496659495,0.9867705534806688,0.44237306572994306,-43.02059999999983,adverse_z_exit,3968.0460449999964
4,-1,SHORT_SPREAD_sell_XS_buy_L,476700,485500,89,2.3324879633068525,0.23927146289737922,1.0553626346758669,0.34856763740674196,119.95482500000071,mean_revert_exit,4088.000869999997
4,1,LONG_SPREAD_buy_XS_sell_L,493100,494800,18,-2.049948070940245,-0.28334473613424616,-0.746267461582998,0.7219167756146635,126.90538500000002,mean_revert_exit,4214.906254999997
4,-1,SHORT_SPREAD_sell_XS_buy_L,534200,534300,2,2.2934250691661817,2.8984031783418693,0.37420069889107016,1.3228500967077246,-36.01441999999952,adverse_z_exit,4178.891834999998
4,-1,SHORT_SPREAD_sell_XS_buy_L,534600,538600,41,2.8091616128373853,0.13244108030889307,0.45898053777306214,4.376736683247712,147.25110249999943,mean_revert_exit,4326.142937499997
4,1,LONG_SPREAD_buy_XS_sell_L,547300,549200,20,-2.4337101961363947,-0.2627430200871103,-0.018609255651941152,-0.5993076251092094,126.51442000000043,mean_revert_exit,4452.6573574999975
4,1,LONG_SPREAD_buy_XS_sell_L,564000,565000,11,-2.2200299544791724,-2.7627796237986066,0.16731813258648953,-1.1180553036726393,-45.15229499999987,adverse_z_exit,4407.505062499998
4,1,LONG_SPREAD_buy_XS_sell_L,565500,576300,109,-2.5112798666983984,-3.339835926691817,-0.19117777530543348,0.07829619867169692,-239.37470250000024,adverse_z_exit,4168.130359999997
4,1,LONG_SPREAD_buy_XS_sell_L,576700,594700,181,-3.260177061288702,-0.6589578090380361,-1.1891950484890705,-0.5198156810177965,-146.0617999999995,max_hold_exit,4022.068559999998
4,1,LONG_SPREAD_buy_XS_sell_L,610600,612300,18,-2.2022561707035413,-3.173465864706347,-0.53853819063936,2.299879639583817,-101.2243225000002,adverse_z_exit,3920.8442374999977
4,1,LONG_SPREAD_buy_XS_sell_L,612500,618100,57,-3.0021107188434564,-0.26919077709858324,-1.0014304159261502,0.8918784188304901,190.0576800000008,mean_revert_exit,4110.9019174999985
4,1,LONG_SPREAD_buy_XS_sell_L,656400,657400,11,-2.1001876067477587,-2.830538485282017,-0.9269147364205836,-1.07729627244701,-98.2346224999992,adverse_z_exit,4012.6672949999993
4,1,LONG_SPREAD_buy_XS_sell_L,657600,671500,140,-2.9171939369236592,-0.2903966103342523,-0.9656645099564078,-0.18219327531767535,116.94643999999971,mean_revert_exit,4129.613734999999
4,1,LONG_SPREAD_buy_XS_sell_L,688100,690400,24,-2.017832787886859,-2.5768536602285335,-1.0322786065559661,0.02741284936056551,-109.70784250000088,adverse_z_exit,4019.905892499998
4,1,LONG_SPREAD_buy_XS_sell_L,690700,704200,136,-2.408026187006662,-0.19721747871817719,-1.1989245279235765,0.7214136434453646,-0.45269250000001193,mean_revert_exit,4019.453199999998
4,-1,SHORT_SPREAD_sell_XS_buy_L,718500,728700,103,2.0019359713260694,0.2586798318040488,0.0757875024755624,1.6860830394337338,121.31901000000016,mean_revert_exit,4140.772209999998
4,-1,SHORT_SPREAD_sell_XS_buy_L,739200,740300,12,2.00314634604404,0.28870473661103196,0.9161606384669304,1.2246663333022874,162.93834499999957,mean_revert_exit,4303.710554999998
4,-1,SHORT_SPREAD_sell_XS_buy_L,743300,746200,30,2.0777549921623355,0.03491343647354119,1.013372142666708,-1.6791085551626097,156.21203499999956,mean_revert_exit,4459.922589999997
4,1,LONG_SPREAD_buy_XS_sell_L,760200,761000,9,-3.105598554839696,-3.615122135744226,-0.9785102308574243,0.5178664942417518,-70.73866999999973,adverse_z_exit,4389.183919999998
4,1,LONG_SPREAD_buy_XS_sell_L,761200,774000,129,-3.516951880796786,-0.16394964768967046,-1.0227081705038679,-3.1323003385033306,105.35594500000025,mean_revert_exit,4494.539864999998
4,-1,SHORT_SPREAD_sell_XS_buy_L,796400,811400,151,3.0545829777133977,0.18839481628082255,0.48340842042054966,1.7956199125672603,88.59063999999944,mean_revert_exit,4583.130504999997
4,-1,SHORT_SPREAD_sell_XS_buy_L,826100,829900,39,2.1747290905388272,0.06262008182159136,0.8872641962319613,3.072703754144182,129.91355250000015,mean_revert_exit,4713.0440574999975
4,-1,SHORT_SPREAD_sell_XS_buy_L,834400,839100,48,2.70796701980366,0.2908268283221169,0.8811184983130326,1.685023720431139,140.3744125000003,mean_revert_exit,4853.418469999998
4,1,LONG_SPREAD_buy_XS_sell_L,846900,847900,11,-2.0182396955811073,-2.7146467003793204,-0.8993726744230869,0.22287049701932274,-63.75309000000016,adverse_z_exit,4789.665379999998
4,1,LONG_SPREAD_buy_XS_sell_L,848300,848500,3,-2.2329631981826457,-2.9704824751060235,-1.0278474530721808,-0.6273519493836004,-62.20784250000088,adverse_z_exit,4727.457537499997
4,1,LONG_SPREAD_buy_XS_sell_L,849200,852000,29,-3.2239479396819144,-0.12720196742155268,-1.1535486892746756,-0.8754921910725767,251.23874250000063,mean_revert_exit,4978.696279999997
4,1,LONG_SPREAD_buy_XS_sell_L,867400,869700,24,-2.2138057319648494,-0.22194305489737426,-1.0633228321583563,0.21870289955834432,192.54325999999946,mean_revert_exit,5171.239539999997
4,-1,SHORT_SPREAD_sell_XS_buy_L,900200,911300,112,3.0699557048614774,0.21062362966484666,0.8866155561226133,-0.6127986615097888,127.37463000000025,mean_revert_exit,5298.614169999997
4,-1,SHORT_SPREAD_sell_XS_buy_L,925500,929800,44,2.071906885791592,0.022201694108311024,0.9955373762159319,-0.9768541268002164,182.69555500000024,mean_revert_exit,5481.309724999997
4,-1,SHORT_SPREAD_sell_XS_buy_L,950700,962500,119,2.1841995669646903,0.2666224256474904,0.754699432037296,1.5873062797602218,50.48167749999993,mean_revert_exit,5531.791402499997
4,1,LONG_SPREAD_buy_XS_sell_L,966300,966800,6,-2.3093310671745955,-2.8161926051204023,0.036015592500730116,-0.11061130350765251,-35.390964999999596,adverse_z_exit,5496.400437499998
4,1,LONG_SPREAD_buy_XS_sell_L,967200,985200,181,-2.9088830824646137,-2.3338598160927337,-0.30985076100312725,0.20917815047709565,-250.7242499999993,max_hold_exit,5245.676187499998
4,1,LONG_SPREAD_buy_XS_sell_L,985500,995000,96,-2.1850912569722323,-0.2450136719560306,-1.1276793170359534,-0.5932798289329727,121.84976499999993,mean_revert_exit,5367.525952499998
