,day,timestamp,symbol,price,quantity,bid_price_1,ask_price_1,mid_price,trade_side,trade_minus_mid
0,-2,900,TOMATOES,5008.0,2,4994,5008,5001.0,buy_initiated,7.0
1,-2,1700,TOMATOES,5006.0,3,4993,5006,4999.5,buy_initiated,6.5
4,-2,4000,EMERALDS,10008.0,7,9992,10008,10000.0,buy_initiated,8.0
5,-2,4100,TOMATOES,5002.0,3,4989,5002,4995.5,buy_initiated,6.5
7,-2,5200,EMERALDS,9992.0,5,9992,10008,10000.0,sell_initiated,-8.0
8,-2,6700,TOMATOES,4988.0,5,4988,5001,4994.5,sell_initiated,-6.5
10,-2,7100,TOMATOES,5000.0,3,4987,5000,4993.5,buy_initiated,6.5
13,-2,10500,EMERALDS,10008.0,5,9992,10008,10000.0,buy_initiated,8.0
14,-2,11200,TOMATOES,4985.0,4,4985,4998,4991.5,sell_initiated,-6.5
15,-2,11300,EMERALDS,9992.0,3,9992,10008,10000.0,sell_initiated,-8.0
16,-2,12700,TOMATOES,4999.0,2,4986,4999,4992.5,buy_initiated,6.5
17,-2,13600,TOMATOES,4991.0,2,4991,4999,4995.0,sell_initiated,-4.0
18,-2,14100,TOMATOES,4998.0,2,4985,4998,4991.5,buy_initiated,6.5
20,-2,17100,TOMATOES,4986.0,4,4986,5000,4993.0,sell_initiated,-7.0
21,-2,17800,TOMATOES,4986.0,5,4986,4999,4992.5,sell_initiated,-6.5
23,-2,18000,TOMATOES,4990.0,3,4990,4999,4994.5,sell_initiated,-4.5
25,-2,22800,EMERALDS,10000.0,6,10000,10008,10004.0,sell_initiated,-4.0
27,-2,24000,TOMATOES,5001.0,5,4987,5001,4994.0,buy_initiated,7.0
30,-2,27300,TOMATOES,4988.0,5,4988,5001,4994.5,sell_initiated,-6.5
32,-2,32700,TOMATOES,5004.0,3,4990,5004,4997.0,buy_initiated,7.0
34,-2,35600,EMERALDS,9992.0,5,9992,10008,10000.0,sell_initiated,-8.0
37,-2,38300,EMERALDS,10008.0,4,9992,10008,10000.0,buy_initiated,8.0
38,-2,38800,EMERALDS,9992.0,6,9992,10008,10000.0,sell_initiated,-8.0
39,-2,39000,TOMATOES,5005.0,5,4991,5005,4998.0,buy_initiated,7.0
42,-2,41700,TOMATOES,4989.0,2,4989,5002,4995.5,sell_initiated,-6.5
43,-2,42100,EMERALDS,10008.0,8,9992,10008,10000.0,buy_initiated,8.0
45,-2,43200,TOMATOES,4991.0,3,4991,5004,4997.5,sell_initiated,-6.5
47,-2,45700,EMERALDS,10008.0,4,9992,10008,10000.0,buy_initiated,8.0
48,-2,47000,EMERALDS,10008.0,4,9992,10008,10000.0,buy_initiated,8.0
50,-2,51500,TOMATOES,4998.0,2,4998,5012,5005.0,sell_initiated,-7.0
53,-2,53500,EMERALDS,9992.0,6,9992,10008,10000.0,sell_initiated,-8.0
60,-2,62900,EMERALDS,10008.0,5,9992,10008,10000.0,buy_initiated,8.0
62,-2,65000,TOMATOES,5017.0,5,5003,5017,5010.0,buy_initiated,7.0
63,-2,65500,EMERALDS,9992.0,5,9992,10008,10000.0,sell_initiated,-8.0
66,-2,67000,TOMATOES,5020.0,5,5006,5020,5013.0,buy_initiated,7.0
68,-2,68300,TOMATOES,5021.0,2,5008,5021,5014.5,buy_initiated,6.5
69,-2,68700,TOMATOES,5020.0,4,5007,5020,5013.5,buy_initiated,6.5
70,-2,69000,TOMATOES,5005.0,5,5005,5019,5012.0,sell_initiated,-7.0
73,-2,73400,TOMATOES,5022.0,5,5008,5022,5015.0,buy_initiated,7.0
86,-2,84300,EMERALDS,9992.0,8,9992,10008,10000.0,sell_initiated,-8.0
91,-2,91000,EMERALDS,10008.0,3,9992,10008,10000.0,buy_initiated,8.0
92,-2,92800,EMERALDS,9992.0,6,9992,10008,10000.0,sell_initiated,-8.0
93,-2,93000,TOMATOES,5011.0,5,5011,5024,5017.5,sell_initiated,-6.5
94,-2,93300,TOMATOES,5010.0,3,5010,5024,5017.0,sell_initiated,-7.0
103,-2,98800,TOMATOES,5024.0,3,5010,5024,5017.0,buy_initiated,7.0
104,-2,99600,TOMATOES,5024.0,4,5011,5024,5017.5,buy_initiated,6.5
107,-2,103000,TOMATOES,5013.0,3,5013,5026,5019.5,sell_initiated,-6.5
109,-2,104300,EMERALDS,10008.0,6,9992,10008,10000.0,buy_initiated,8.0
110,-2,104600,TOMATOES,5012.0,3,5012,5026,5019.0,sell_initiated,-7.0
114,-2,111900,EMERALDS,9992.0,7,9992,10008,10000.0,sell_initiated,-8.0
116,-2,112000,TOMATOES,5016.0,5,5016,5024,5020.0,sell_initiated,-4.0
119,-2,114400,TOMATOES,5014.0,2,5014,5028,5021.0,sell_initiated,-7.0
120,-2,115300,TOMATOES,5013.0,4,5013,5026,5019.5,sell_initiated,-6.5
121,-2,115500,TOMATOES,5025.0,3,5011,5025,5018.0,buy_initiated,7.0
123,-2,116900,TOMATOES,5017.0,3,5010,5017,5013.5,buy_initiated,3.5
124,-2,117800,TOMATOES,5018.0,3,5011,5018,5014.5,buy_initiated,3.5
125,-2,119100,TOMATOES,5024.0,5,5010,5024,5017.0,buy_initiated,7.0
126,-2,120700,EMERALDS,9992.0,8,9992,10008,10000.0,sell_initiated,-8.0
127,-2,120700,TOMATOES,5024.0,2,5010,5024,5017.0,buy_initiated,7.0
129,-2,121200,TOMATOES,5011.0,5,5011,5016,5013.5,sell_initiated,-2.5
130,-2,121800,TOMATOES,5027.0,4,5013,5027,5020.0,buy_initiated,7.0
131,-2,122400,TOMATOES,5029.0,5,5015,5029,5022.0,buy_initiated,7.0
132,-2,123000,EMERALDS,9992.0,8,9992,10008,10000.0,sell_initiated,-8.0
134,-2,125300,TOMATOES,5012.0,4,5012,5025,5018.5,sell_initiated,-6.5
135,-2,125900,EMERALDS,9992.0,4,9992,10008,10000.0,sell_initiated,-8.0
136,-2,127200,EMERALDS,10008.0,7,9992,10008,10000.0,buy_initiated,8.0
137,-2,127400,TOMATOES,5011.0,2,5011,5024,5017.5,sell_initiated,-6.5
141,-2,129700,EMERALDS,9992.0,3,9992,10008,10000.0,sell_initiated,-8.0
144,-2,131400,TOMATOES,5020.0,2,5006,5020,5013.0,buy_initiated,7.0
146,-2,131900,TOMATOES,5019.0,2,5006,5019,5012.5,buy_initiated,6.5
150,-2,132600,EMERALDS,10008.0,5,9992,10008,10000.0,buy_initiated,8.0
153,-2,133800,TOMATOES,5016.0,2,5003,5016,5009.5,buy_initiated,6.5
158,-2,137000,TOMATOES,5003.0,4,5003,5016,5009.5,sell_initiated,-6.5
160,-2,139800,TOMATOES,5014.0,3,5000,5014,5007.0,buy_initiated,7.0
161,-2,140400,EMERALDS,10008.0,8,9992,10008,10000.0,buy_initiated,8.0
162,-2,140600,EMERALDS,9992.0,5,9992,10008,10000.0,sell_initiated,-8.0
165,-2,143400,TOMATOES,5000.0,2,5000,5013,5006.5,sell_initiated,-6.5
166,-2,143800,EMERALDS,10008.0,5,9992,10008,10000.0,buy_initiated,8.0
169,-2,147200,TOMATOES,5009.0,4,4995,5009,5002.0,buy_initiated,7.0
170,-2,147600,TOMATOES,5008.0,4,4995,5008,5001.5,buy_initiated,6.5
171,-2,149200,EMERALDS,9992.0,8,9992,10008,10000.0,sell_initiated,-8.0
174,-2,153300,TOMATOES,4996.0,3,4996,5010,5003.0,sell_initiated,-7.0
177,-2,156400,EMERALDS,9992.0,6,9992,10008,10000.0,sell_initiated,-8.0
179,-2,157200,TOMATOES,5007.0,3,4993,5007,5000.0,buy_initiated,7.0
182,-2,158700,TOMATOES,4991.0,2,4991,5004,4997.5,sell_initiated,-6.5
185,-2,159600,EMERALDS,9992.0,8,9992,10008,10000.0,sell_initiated,-8.0
186,-2,159700,EMERALDS,10008.0,8,9992,10008,10000.0,buy_initiated,8.0
187,-2,159900,EMERALDS,10008.0,8,9992,10008,10000.0,buy_initiated,8.0
192,-2,164000,EMERALDS,9992.0,3,9992,10008,10000.0,sell_initiated,-8.0
193,-2,164200,TOMATOES,4988.0,5,4988,5001,4994.5,sell_initiated,-6.5
194,-2,165500,TOMATOES,4991.0,3,4991,5004,4997.5,sell_initiated,-6.5
195,-2,165700,TOMATOES,4990.0,3,4990,5004,4997.0,sell_initiated,-7.0
196,-2,167200,TOMATOES,4992.0,2,4992,5006,4999.0,sell_initiated,-7.0
199,-2,168900,TOMATOES,5006.0,2,4992,5006,4999.0,buy_initiated,7.0
202,-2,174400,TOMATOES,4991.0,5,4991,4998,4994.5,sell_initiated,-3.5
203,-2,175800,TOMATOES,5001.0,5,4987,5001,4994.0,buy_initiated,7.0
207,-2,177100,TOMATOES,4988.0,3,4988,5001,4994.5,sell_initiated,-6.5
208,-2,178600,EMERALDS,9992.0,5,9992,10008,10000.0,sell_initiated,-8.0
209,-2,179200,TOMATOES,5000.0,2,4994,5000,4997.0,buy_initiated,3.0
210,-2,179400,TOMATOES,5000.0,2,4987,5000,4993.5,buy_initiated,6.5
215,-2,182800,TOMATOES,5001.0,5,4988,5001,4994.5,buy_initiated,6.5
216,-2,183100,TOMATOES,4986.0,2,4986,5000,4993.0,sell_initiated,-7.0
217,-2,183700,TOMATOES,4986.0,4,4986,5000,4993.0,sell_initiated,-7.0
218,-2,183900,TOMATOES,5000.0,2,4986,5000,4993.0,buy_initiated,7.0
219,-2,184800,TOMATOES,4991.0,2,4986,4991,4988.5,buy_initiated,2.5
220,-2,185200,TOMATOES,4985.0,4,4985,4998,4991.5,sell_initiated,-6.5
223,-2,187600,TOMATOES,4989.0,4,4989,5003,4996.0,sell_initiated,-7.0
225,-2,188000,TOMATOES,5002.0,3,4989,5002,4995.5,buy_initiated,6.5
228,-2,191400,TOMATOES,5003.0,5,4989,5003,4996.0,buy_initiated,7.0
230,-2,192400,TOMATOES,4991.0,5,4991,5004,4997.5,sell_initiated,-6.5
232,-2,192900,EMERALDS,10008.0,8,9992,10008,10000.0,buy_initiated,8.0
233,-2,193400,TOMATOES,5005.0,2,4991,5005,4998.0,buy_initiated,7.0
234,-2,193500,TOMATOES,4991.0,3,4991,5004,4997.5,sell_initiated,-6.5
235,-2,193700,EMERALDS,9992.0,5,9992,10008,10000.0,sell_initiated,-8.0
236,-2,194100,EMERALDS,9992.0,5,9992,10000,9996.0,sell_initiated,-4.0
238,-2,197100,TOMATOES,4991.0,3,4991,5005,4998.0,sell_initiated,-7.0
240,-2,202400,TOMATOES,4993.0,5,4993,5007,5000.0,sell_initiated,-7.0
242,-2,203900,TOMATOES,5007.0,5,4994,5007,5000.5,buy_initiated,6.5
243,-2,204100,TOMATOES,5007.0,3,4994,5007,5000.5,buy_initiated,6.5
248,-2,207600,EMERALDS,10008.0,3,9992,10008,10000.0,buy_initiated,8.0
249,-2,209300,EMERALDS,10000.0,3,9992,10000,9996.0,buy_initiated,4.0
250,-2,209300,TOMATOES,4996.0,4,4996,5009,5002.5,sell_initiated,-6.5
251,-2,209600,TOMATOES,4995.0,2,4995,5009,5002.0,sell_initiated,-7.0
252,-2,209900,EMERALDS,9992.0,8,9992,10000,9996.0,sell_initiated,-4.0
254,-2,210200,TOMATOES,4995.0,4,4995,5008,5001.5,sell_initiated,-6.5
255,-2,211000,TOMATOES,4996.0,4,4996,5009,5002.5,sell_initiated,-6.5
256,-2,211800,TOMATOES,5009.0,2,4996,5009,5002.5,buy_initiated,6.5
257,-2,211900,EMERALDS,9992.0,6,9992,10008,10000.0,sell_initiated,-8.0
258,-2,211900,TOMATOES,4996.0,4,4996,5009,5002.5,sell_initiated,-6.5
262,-2,215200,EMERALDS,9992.0,7,9992,10008,10000.0,sell_initiated,-8.0
265,-2,217300,EMERALDS,9992.0,3,9992,10008,10000.0,sell_initiated,-8.0
266,-2,217700,TOMATOES,5005.0,3,4992,5005,4998.5,buy_initiated,6.5
268,-2,218700,TOMATOES,4991.0,4,4991,5004,4997.5,sell_initiated,-6.5
273,-2,225900,TOMATOES,5006.0,3,4992,5006,4999.0,buy_initiated,7.0
279,-2,232400,EMERALDS,9992.0,5,9992,10008,10000.0,sell_initiated,-8.0
281,-2,233400,TOMATOES,5004.0,2,4991,5004,4997.5,buy_initiated,6.5
282,-2,233500,TOMATOES,4990.0,2,4990,5004,4997.0,sell_initiated,-7.0
283,-2,233700,TOMATOES,4990.0,4,4990,5004,4997.0,sell_initiated,-7.0
285,-2,235100,TOMATOES,4991.0,5,4991,5005,4998.0,sell_initiated,-7.0
287,-2,236900,EMERALDS,9992.0,6,9992,10008,10000.0,sell_initiated,-8.0
290,-2,243000,TOMATOES,4988.0,3,4988,5001,4994.5,sell_initiated,-6.5
292,-2,244200,EMERALDS,9992.0,3,9992,10008,10000.0,sell_initiated,-8.0
293,-2,245500,TOMATOES,5002.0,5,4989,5002,4995.5,buy_initiated,6.5
294,-2,247400,TOMATOES,4991.0,4,4991,5004,4997.5,sell_initiated,-6.5
298,-2,250200,TOMATOES,4992.0,3,4992,5005,4998.5,sell_initiated,-6.5
302,-2,255300,EMERALDS,9992.0,6,9992,10008,10000.0,sell_initiated,-8.0
303,-2,255800,TOMATOES,4997.0,3,4997,5005,5001.0,sell_initiated,-4.0
304,-2,257600,TOMATOES,4989.0,2,4989,5002,4995.5,sell_initiated,-6.5
305,-2,258100,TOMATOES,5002.0,3,4989,5002,4995.5,buy_initiated,6.5
306,-2,258200,TOMATOES,5002.0,4,4988,5002,4995.0,buy_initiated,7.0
307,-2,259000,TOMATOES,5001.0,3,4988,5001,4994.5,buy_initiated,6.5
309,-2,259700,TOMATOES,4988.0,2,4988,5002,4995.0,sell_initiated,-7.0
310,-2,259900,TOMATOES,5002.0,3,4988,5002,4995.0,buy_initiated,7.0
311,-2,260200,TOMATOES,4989.0,3,4989,5002,4995.5,sell_initiated,-6.5
312,-2,260800,TOMATOES,4989.0,4,4989,5002,4995.5,sell_initiated,-6.5
313,-2,261400,EMERALDS,10008.0,3,9992,10008,10000.0,buy_initiated,8.0
316,-2,263300,EMERALDS,9992.0,3,9992,10008,10000.0,sell_initiated,-8.0
317,-2,263400,TOMATOES,5004.0,2,4990,5004,4997.0,buy_initiated,7.0
318,-2,263500,TOMATOES,4991.0,3,4991,5004,4997.5,sell_initiated,-6.5
319,-2,264200,EMERALDS,9992.0,3,9992,10008,10000.0,sell_initiated,-8.0
323,-2,271100,EMERALDS,10008.0,3,9992,10008,10000.0,buy_initiated,8.0
324,-2,272600,TOMATOES,5008.0,4,4995,5008,5001.5,buy_initiated,6.5
325,-2,273100,EMERALDS,9992.0,6,9992,10008,10000.0,sell_initiated,-8.0
326,-2,274200,TOMATOES,5012.0,2,4998,5012,5005.0,buy_initiated,7.0
328,-2,275200,TOMATOES,5013.0,2,5000,5013,5006.5,buy_initiated,6.5
329,-2,275500,TOMATOES,5013.0,2,4999,5013,5006.0,buy_initiated,7.0
331,-2,276900,TOMATOES,4998.0,4,4998,5012,5005.0,sell_initiated,-7.0
332,-2,277700,EMERALDS,10000.0,5,10000,10008,10004.0,sell_initiated,-4.0
333,-2,278500,EMERALDS,10008.0,5,9992,10008,10000.0,buy_initiated,8.0
336,-2,280900,TOMATOES,5008.0,4,5008,5016,5012.0,sell_initiated,-4.0
337,-2,281200,TOMATOES,5016.0,5,5003,5016,5009.5,buy_initiated,6.5
339,-2,282200,TOMATOES,5016.0,4,5003,5016,5009.5,buy_initiated,6.5
343,-2,283400,TOMATOES,5001.0,5,5001,5015,5008.0,sell_initiated,-7.0
345,-2,286300,TOMATOES,5002.0,2,5002,5016,5009.0,sell_initiated,-7.0
348,-2,289600,EMERALDS,10008.0,4,9992,10008,10000.0,buy_initiated,8.0
349,-2,289600,TOMATOES,4995.0,3,4995,5009,5002.0,sell_initiated,-7.0
352,-2,292200,TOMATOES,5008.0,5,5000,5008,5004.0,buy_initiated,4.0
357,-2,298300,TOMATOES,5008.0,3,4994,5008,5001.0,buy_initiated,7.0
358,-2,298800,EMERALDS,10008.0,5,9992,10008,10000.0,buy_initiated,8.0
363,-2,302300,EMERALDS,10008.0,5,9992,10008,10000.0,buy_initiated,8.0
365,-2,305800,EMERALDS,10008.0,7,9992,10008,10000.0,buy_initiated,8.0
366,-2,307300,TOMATOES,4998.0,4,4998,5011,5004.5,sell_initiated,-6.5
367,-2,307700,EMERALDS,10008.0,4,9992,10008,10000.0,buy_initiated,8.0
370,-2,308300,EMERALDS,9992.0,5,9992,10008,10000.0,sell_initiated,-8.0
371,-2,308400,EMERALDS,10008.0,6,9992,10008,10000.0,buy_initiated,8.0
372,-2,308500,EMERALDS,9992.0,4,9992,10008,10000.0,sell_initiated,-8.0
374,-2,311300,TOMATOES,4996.0,3,4996,5003,4999.5,sell_initiated,-3.5
375,-2,311600,TOMATOES,4996.0,4,4996,5003,4999.5,sell_initiated,-3.5
377,-2,313700,TOMATOES,5009.0,4,4995,5009,5002.0,buy_initiated,7.0
383,-2,316800,TOMATOES,5010.0,4,4997,5010,5003.5,buy_initiated,6.5
385,-2,322400,TOMATOES,5013.0,5,5000,5013,5006.5,buy_initiated,6.5
386,-2,322500,TOMATOES,4999.0,3,4999,5013,5006.0,sell_initiated,-7.0
388,-2,324200,EMERALDS,9992.0,4,9992,10008,10000.0,sell_initiated,-8.0
389,-2,324400,EMERALDS,10008.0,4,9992,10008,10000.0,buy_initiated,8.0
390,-2,324600,EMERALDS,10008.0,6,9992,10008,10000.0,buy_initiated,8.0
391,-2,325400,EMERALDS,9992.0,4,9992,10008,10000.0,sell_initiated,-8.0
401,-2,330500,TOMATOES,5006.0,3,5006,5020,5013.0,sell_initiated,-7.0
404,-2,331600,EMERALDS,9992.0,6,9992,10008,10000.0,sell_initiated,-8.0
406,-2,332500,EMERALDS,9992.0,4,9992,10008,10000.0,sell_initiated,-8.0
407,-2,332500,TOMATOES,5007.0,4,5007,5020,5013.5,sell_initiated,-6.5
408,-2,332600,TOMATOES,5020.0,4,5007,5020,5013.5,buy_initiated,6.5
410,-2,334400,TOMATOES,5021.0,3,5008,5021,5014.5,buy_initiated,6.5
411,-2,335100,TOMATOES,5021.0,5,5008,5021,5014.5,buy_initiated,6.5
412,-2,335500,EMERALDS,10008.0,4,9992,10008,10000.0,buy_initiated,8.0
415,-2,337000,TOMATOES,5023.0,4,5017,5023,5020.0,buy_initiated,3.0
417,-2,340000,TOMATOES,5008.0,4,5008,5022,5015.0,sell_initiated,-7.0
418,-2,342000,TOMATOES,5005.0,2,5005,5018,5011.5,sell_initiated,-6.5
420,-2,345300,EMERALDS,9992.0,5,9992,10008,10000.0,sell_initiated,-8.0
421,-2,345400,TOMATOES,5020.0,5,5011,5020,5015.5,buy_initiated,4.5
422,-2,349400,TOMATOES,5007.0,3,5007,5020,5013.5,sell_initiated,-6.5
423,-2,350400,EMERALDS,9992.0,3,9992,10008,10000.0,sell_initiated,-8.0
424,-2,351100,TOMATOES,5008.0,5,5008,5022,5015.0,sell_initiated,-7.0
428,-2,355700,EMERALDS,9992.0,8,9992,10008,10000.0,sell_initiated,-8.0
429,-2,356100,TOMATOES,5024.0,2,5010,5024,5017.0,buy_initiated,7.0
431,-2,357700,TOMATOES,5010.0,5,5010,5024,5017.0,sell_initiated,-7.0
432,-2,359800,TOMATOES,5010.0,4,5010,5024,5017.0,sell_initiated,-7.0
435,-2,363300,EMERALDS,10008.0,6,9992,10008,10000.0,buy_initiated,8.0
439,-2,367500,TOMATOES,5010.0,5,5010,5023,5016.5,sell_initiated,-6.5
442,-2,368900,TOMATOES,5008.0,3,5008,5022,5015.0,sell_initiated,-7.0
445,-2,370300,TOMATOES,5020.0,5,5006,5020,5013.0,buy_initiated,7.0
447,-2,372000,TOMATOES,5008.0,2,5008,5022,5015.0,sell_initiated,-7.0
450,-2,375700,TOMATOES,5013.0,5,5013,5020,5016.5,sell_initiated,-3.5
451,-2,376600,EMERALDS,10008.0,5,9992,10008,10000.0,buy_initiated,8.0
452,-2,376700,TOMATOES,5009.0,2,5009,5022,5015.5,sell_initiated,-6.5
454,-2,380500,TOMATOES,5008.0,2,5008,5021,5014.5,sell_initiated,-6.5
455,-2,382300,TOMATOES,5011.0,5,5011,5024,5017.5,sell_initiated,-6.5
456,-2,382700,TOMATOES,5024.0,4,5018,5024,5021.0,buy_initiated,3.0
459,-2,384000,TOMATOES,5024.0,4,5010,5024,5017.0,buy_initiated,7.0
463,-2,386800,TOMATOES,5021.0,5,5007,5021,5014.0,buy_initiated,7.0
468,-2,390300,TOMATOES,5018.0,5,5004,5018,5011.0,buy_initiated,7.0
471,-2,392600,EMERALDS,9992.0,6,9992,10008,10000.0,sell_initiated,-8.0
473,-2,394300,TOMATOES,5016.0,3,5002,5016,5009.0,buy_initiated,7.0
474,-2,396600,EMERALDS,9992.0,7,9992,10008,10000.0,sell_initiated,-8.0
476,-2,397900,TOMATOES,5012.0,2,4999,5012,5005.5,buy_initiated,6.5
479,-2,398700,EMERALDS,10008.0,8,9992,10008,10000.0,buy_initiated,8.0
483,-2,402300,EMERALDS,10008.0,6,9992,10008,10000.0,buy_initiated,8.0
485,-2,404400,TOMATOES,5012.0,5,4998,5012,5005.0,buy_initiated,7.0
486,-2,404800,EMERALDS,10008.0,5,9992,10008,10000.0,buy_initiated,8.0
492,-2,408800,EMERALDS,10008.0,7,9992,10008,10000.0,buy_initiated,8.0
494,-2,411200,TOMATOES,5015.0,2,5002,5015,5008.5,buy_initiated,6.5
496,-2,413000,EMERALDS,10008.0,4,9992,10008,10000.0,buy_initiated,8.0
497,-2,413600,EMERALDS,9992.0,8,9992,10008,10000.0,sell_initiated,-8.0
499,-2,413900,TOMATOES,5002.0,2,5002,5015,5008.5,sell_initiated,-6.5
500,-2,414000,EMERALDS,9992.0,7,9992,10008,10000.0,sell_initiated,-8.0
505,-2,415800,TOMATOES,5011.0,5,4998,5011,5004.5,buy_initiated,6.5
512,-2,417900,TOMATOES,5009.0,4,5009,5015,5012.0,sell_initiated,-3.0
514,-2,419700,EMERALDS,9992.0,4,9992,10008,10000.0,sell_initiated,-8.0
516,-2,420800,EMERALDS,9992.0,7,9992,10008,10000.0,sell_initiated,-8.0
519,-2,422300,TOMATOES,5020.0,4,5006,5020,5013.0,buy_initiated,7.0
522,-2,426300,TOMATOES,5004.0,2,5004,5017,5010.5,sell_initiated,-6.5
525,-2,427500,TOMATOES,5014.0,5,5000,5014,5007.0,buy_initiated,7.0
526,-2,428600,TOMATOES,5016.0,5,5002,5016,5009.0,buy_initiated,7.0
527,-2,429100,EMERALDS,10008.0,8,9992,10008,10000.0,buy_initiated,8.0
528,-2,429500,TOMATOES,5003.0,3,5003,5016,5009.5,sell_initiated,-6.5
529,-2,431000,TOMATOES,5014.0,3,5001,5014,5007.5,buy_initiated,6.5
531,-2,431500,TOMATOES,5015.0,2,5001,5015,5008.0,buy_initiated,7.0
532,-2,431900,TOMATOES,5001.0,4,5001,5014,5007.5,sell_initiated,-6.5
533,-2,432700,TOMATOES,5000.0,3,5000,5014,5007.0,sell_initiated,-7.0
534,-2,432900,TOMATOES,5014.0,5,5001,5014,5007.5,buy_initiated,6.5
536,-2,434900,TOMATOES,5003.0,3,5003,5017,5010.0,sell_initiated,-7.0
537,-2,435100,TOMATOES,5016.0,4,5003,5016,5009.5,buy_initiated,6.5
538,-2,436600,EMERALDS,10008.0,4,9992,10008,10000.0,buy_initiated,8.0
539,-2,437300,TOMATOES,5002.0,4,5002,5016,5009.0,sell_initiated,-7.0
544,-2,442000,TOMATOES,4998.0,2,4998,5012,5005.0,sell_initiated,-7.0
546,-2,443900,TOMATOES,5011.0,2,4997,5011,5004.0,buy_initiated,7.0
548,-2,445800,TOMATOES,4999.0,5,4999,5012,5005.5,sell_initiated,-6.5
552,-2,450300,TOMATOES,4998.0,3,4998,5012,5005.0,sell_initiated,-7.0
555,-2,452300,TOMATOES,4997.0,2,4997,5004,5000.5,sell_initiated,-3.5
556,-2,452400,TOMATOES,5011.0,5,4998,5011,5004.5,buy_initiated,6.5
557,-2,453100,TOMATOES,4998.0,3,4998,5012,5005.0,sell_initiated,-7.0
563,-2,456000,EMERALDS,10008.0,8,9992,10008,10000.0,buy_initiated,8.0
567,-2,457800,EMERALDS,9992.0,8,9992,10008,10000.0,sell_initiated,-8.0
569,-2,459000,TOMATOES,5007.0,5,4993,5007,5000.0,buy_initiated,7.0
570,-2,459200,TOMATOES,5006.0,3,4992,5006,4999.0,buy_initiated,7.0
571,-2,459700,EMERALDS,10008.0,8,9992,10008,10000.0,buy_initiated,8.0
574,-2,460900,TOMATOES,4992.0,4,4992,5005,4998.5,sell_initiated,-6.5
575,-2,463900,TOMATOES,5008.0,5,4994,5008,5001.0,buy_initiated,7.0
579,-2,469700,TOMATOES,4991.0,2,4991,5005,4998.0,sell_initiated,-7.0
582,-2,473100,EMERALDS,10008.0,6,9992,10008,10000.0,buy_initiated,8.0
583,-2,474600,TOMATOES,4994.0,2,4994,5007,5000.5,sell_initiated,-6.5
584,-2,475300,TOMATOES,5008.0,2,4995,5008,5001.5,buy_initiated,6.5
586,-2,479300,TOMATOES,5003.0,4,4989,5003,4996.0,buy_initiated,7.0
588,-2,480500,TOMATOES,5005.0,4,4991,5005,4998.0,buy_initiated,7.0
592,-2,485700,TOMATOES,5000.0,5,4987,5000,4993.5,buy_initiated,6.5
594,-2,488400,TOMATOES,4987.0,4,4987,5001,4994.0,sell_initiated,-7.0
595,-2,488900,TOMATOES,4986.0,5,4986,4999,4992.5,sell_initiated,-6.5
597,-2,490800,TOMATOES,4986.0,5,4986,4999,4992.5,sell_initiated,-6.5
598,-2,491600,EMERALDS,9992.0,5,9992,10008,10000.0,sell_initiated,-8.0
599,-2,491900,EMERALDS,9992.0,5,9992,10008,10000.0,sell_initiated,-8.0
600,-2,492400,TOMATOES,5002.0,4,4988,5002,4995.0,buy_initiated,7.0
602,-2,493300,EMERALDS,9992.0,6,9992,10008,10000.0,sell_initiated,-8.0
606,-2,496700,TOMATOES,4984.0,5,4984,4998,4991.0,sell_initiated,-7.0
607,-2,497600,TOMATOES,4993.0,2,4993,4999,4996.0,sell_initiated,-3.0
608,-2,497900,TOMATOES,4985.0,3,4985,4998,4991.5,sell_initiated,-6.5
611,-2,499000,TOMATOES,4987.0,4,4987,5001,4994.0,sell_initiated,-7.0
615,-2,502900,TOMATOES,4999.0,4,4986,4999,4992.5,buy_initiated,6.5
616,-2,504900,TOMATOES,4998.0,4,4985,4998,4991.5,buy_initiated,6.5
618,-2,506800,TOMATOES,4986.0,3,4986,5000,4993.0,sell_initiated,-7.0
619,-2,507200,EMERALDS,9992.0,6,9992,10008,10000.0,sell_initiated,-8.0
623,-2,511100,TOMATOES,4987.0,4,4987,5001,4994.0,sell_initiated,-7.0
628,-2,517600,EMERALDS,9992.0,6,9992,10008,10000.0,sell_initiated,-8.0
629,-2,517700,EMERALDS,10008.0,3,9992,10008,10000.0,buy_initiated,8.0
632,-2,520600,TOMATOES,5001.0,4,4988,5001,4994.5,buy_initiated,6.5
633,-2,521000,EMERALDS,10008.0,4,9992,10008,10000.0,buy_initiated,8.0
634,-2,522600,TOMATOES,4988.0,5,4988,5002,4995.0,sell_initiated,-7.0
635,-2,524100,EMERALDS,9992.0,4,9992,10008,10000.0,sell_initiated,-8.0
639,-2,527600,EMERALDS,9992.0,4,9992,10008,10000.0,sell_initiated,-8.0
640,-2,527700,TOMATOES,4984.0,5,4984,4997,4990.5,sell_initiated,-6.5
641,-2,529400,TOMATOES,4988.0,3,4988,5002,4995.0,sell_initiated,-7.0
642,-2,529600,EMERALDS,9992.0,3,9992,10008,10000.0,sell_initiated,-8.0
646,-2,535200,EMERALDS,9992.0,3,9992,10008,10000.0,sell_initiated,-8.0
647,-2,536100,TOMATOES,5007.0,5,4994,5007,5000.5,buy_initiated,6.5
652,-2,540000,TOMATOES,4996.0,5,4996,5001,4998.5,sell_initiated,-2.5
653,-2,540700,TOMATOES,5003.0,3,5003,5009,5006.0,sell_initiated,-3.0
655,-2,544200,TOMATOES,4998.0,3,4998,5011,5004.5,sell_initiated,-6.5
656,-2,545500,TOMATOES,5001.0,5,5001,5015,5008.0,sell_initiated,-7.0
659,-2,548300,TOMATOES,5013.0,4,5000,5013,5006.5,buy_initiated,6.5
661,-2,549100,EMERALDS,10008.0,6,9992,10008,10000.0,buy_initiated,8.0
663,-2,551500,EMERALDS,9992.0,5,9992,10008,10000.0,sell_initiated,-8.0
665,-2,553700,TOMATOES,5012.0,4,4999,5012,5005.5,buy_initiated,6.5
667,-2,554300,TOMATOES,4998.0,3,4998,5011,5004.5,sell_initiated,-6.5
674,-2,562200,EMERALDS,10008.0,7,9992,10008,10000.0,buy_initiated,8.0
676,-2,563000,TOMATOES,5011.0,5,4997,5011,5004.0,buy_initiated,7.0
677,-2,566200,EMERALDS,9992.0,5,9992,10008,10000.0,sell_initiated,-8.0
678,-2,567100,TOMATOES,4992.0,2,4992,5005,4998.5,sell_initiated,-6.5
680,-2,568600,TOMATOES,4989.0,4,4989,5003,4996.0,sell_initiated,-7.0
682,-2,569200,EMERALDS,10008.0,4,9992,10008,10000.0,buy_initiated,8.0
688,-2,576300,EMERALDS,9992.0,8,9992,10008,10000.0,sell_initiated,-8.0
689,-2,576300,TOMATOES,5008.0,4,4994,5008,5001.0,buy_initiated,7.0
699,-2,588900,EMERALDS,9992.0,5,9992,10008,10000.0,sell_initiated,-8.0
700,-2,591600,TOMATOES,4993.0,3,4993,5007,5000.0,sell_initiated,-7.0
702,-2,592000,TOMATOES,5006.0,5,4992,5006,4999.0,buy_initiated,7.0
703,-2,592200,EMERALDS,10008.0,3,9992,10008,10000.0,buy_initiated,8.0
704,-2,593000,TOMATOES,5008.0,2,4994,5008,5001.0,buy_initiated,7.0
705,-2,593200,EMERALDS,10008.0,5,9992,10008,10000.0,buy_initiated,8.0
708,-2,595200,EMERALDS,10008.0,6,9992,10008,10000.0,buy_initiated,8.0
710,-2,596300,EMERALDS,9992.0,3,9992,10008,10000.0,sell_initiated,-8.0
712,-2,598100,EMERALDS,10008.0,5,9992,10008,10000.0,buy_initiated,8.0
717,-2,602100,TOMATOES,5000.0,4,5000,5008,5004.0,sell_initiated,-4.0
718,-2,602500,TOMATOES,5015.0,3,5001,5015,5008.0,buy_initiated,7.0
720,-2,603300,TOMATOES,5017.0,2,5003,5017,5010.0,buy_initiated,7.0
721,-2,604600,EMERALDS,10008.0,7,9992,10008,10000.0,buy_initiated,8.0
725,-2,608700,TOMATOES,5012.0,5,4998,5012,5005.0,buy_initiated,7.0
726,-2,609700,TOMATOES,4996.0,2,4996,5009,5002.5,sell_initiated,-6.5
728,-2,610200,TOMATOES,5006.0,4,5006,5012,5009.0,sell_initiated,-3.0
730,-2,611100,EMERALDS,9992.0,6,9992,10008,10000.0,sell_initiated,-8.0
731,-2,611300,TOMATOES,5013.0,4,4999,5013,5006.0,buy_initiated,7.0
735,-2,616700,TOMATOES,5003.0,4,4990,5003,4996.5,buy_initiated,6.5
736,-2,616900,EMERALDS,9992.0,7,9992,10008,10000.0,sell_initiated,-8.0
740,-2,619000,EMERALDS,9992.0,5,9992,10008,10000.0,sell_initiated,-8.0
741,-2,619700,TOMATOES,5009.0,3,4995,5009,5002.0,buy_initiated,7.0
744,-2,624900,TOMATOES,4996.0,4,4996,5009,5002.5,sell_initiated,-6.5
746,-2,625800,TOMATOES,5008.0,5,4994,5008,5001.0,buy_initiated,7.0
747,-2,626200,TOMATOES,4996.0,5,4996,5009,5002.5,sell_initiated,-6.5
748,-2,626500,TOMATOES,5010.0,4,4997,5010,5003.5,buy_initiated,6.5
751,-2,627400,EMERALDS,9992.0,7,9992,10008,10000.0,sell_initiated,-8.0
759,-2,632600,EMERALDS,10008.0,7,9992,10008,10000.0,buy_initiated,8.0
761,-2,633400,EMERALDS,9992.0,4,9992,10008,10000.0,sell_initiated,-8.0
762,-2,635000,EMERALDS,10008.0,6,9992,10008,10000.0,buy_initiated,8.0
765,-2,636300,EMERALDS,9992.0,8,9992,10008,10000.0,sell_initiated,-8.0
767,-2,636900,TOMATOES,5014.0,4,5000,5014,5007.0,buy_initiated,7.0
768,-2,637100,EMERALDS,9992.0,5,9992,10008,10000.0,sell_initiated,-8.0
772,-2,643800,TOMATOES,5015.0,5,5001,5015,5008.0,buy_initiated,7.0
774,-2,645600,TOMATOES,5019.0,5,5005,5019,5012.0,buy_initiated,7.0
775,-2,646000,TOMATOES,5020.0,3,5006,5020,5013.0,buy_initiated,7.0
778,-2,650600,EMERALDS,9992.0,4,9992,10008,10000.0,sell_initiated,-8.0
780,-2,651300,EMERALDS,10008.0,5,9992,10008,10000.0,buy_initiated,8.0
783,-2,655400,EMERALDS,9992.0,7,9992,10008,10000.0,sell_initiated,-8.0
785,-2,656300,EMERALDS,9992.0,4,9992,10008,10000.0,sell_initiated,-8.0
788,-2,661500,EMERALDS,10008.0,3,9992,10008,10000.0,buy_initiated,8.0
790,-2,662600,EMERALDS,9992.0,6,9992,10008,10000.0,sell_initiated,-8.0
792,-2,663000,EMERALDS,10008.0,8,9992,10008,10000.0,buy_initiated,8.0
796,-2,665700,EMERALDS,9992.0,4,9992,10008,10000.0,sell_initiated,-8.0
797,-2,665700,TOMATOES,5012.0,2,5012,5026,5019.0,sell_initiated,-7.0
798,-2,666400,TOMATOES,5014.0,5,5014,5021,5017.5,sell_initiated,-3.5
801,-2,669400,TOMATOES,5011.0,3,5011,5025,5018.0,sell_initiated,-7.0
804,-2,672600,TOMATOES,5005.0,2,5005,5019,5012.0,sell_initiated,-7.0
805,-2,673200,TOMATOES,5019.0,5,5006,5019,5012.5,buy_initiated,6.5
807,-2,673800,TOMATOES,5014.0,2,5014,5020,5017.0,sell_initiated,-3.0
808,-2,673800,TOMATOES,5020.0,5,5014,5020,5017.0,buy_initiated,3.0
809,-2,674200,TOMATOES,5018.0,5,5005,5018,5011.5,buy_initiated,6.5
810,-2,674500,EMERALDS,10008.0,8,9992,10008,10000.0,buy_initiated,8.0
813,-2,675500,TOMATOES,5016.0,5,5002,5016,5009.0,buy_initiated,7.0
814,-2,677900,EMERALDS,10008.0,6,9992,10008,10000.0,buy_initiated,8.0
815,-2,678500,EMERALDS,9992.0,6,9992,10008,10000.0,sell_initiated,-8.0
816,-2,678800,EMERALDS,9992.0,7,9992,10008,10000.0,sell_initiated,-8.0
819,-2,681200,TOMATOES,5001.0,2,5001,5015,5008.0,sell_initiated,-7.0
821,-2,682100,EMERALDS,9992.0,4,9992,10008,10000.0,sell_initiated,-8.0
823,-2,684400,TOMATOES,5012.0,3,4999,5012,5005.5,buy_initiated,6.5
824,-2,684800,TOMATOES,5000.0,5,5000,5014,5007.0,sell_initiated,-7.0
825,-2,685300,EMERALDS,10008.0,3,9992,10008,10000.0,buy_initiated,8.0
826,-2,685600,EMERALDS,9992.0,3,9992,10008,10000.0,sell_initiated,-8.0
828,-2,686700,TOMATOES,4998.0,3,4998,5012,5005.0,sell_initiated,-7.0
830,-2,687300,TOMATOES,5010.0,4,4997,5010,5003.5,buy_initiated,6.5
831,-2,688200,TOMATOES,4995.0,3,4995,5009,5002.0,sell_initiated,-7.0
832,-2,690000,TOMATOES,4992.0,2,4992,5005,4998.5,sell_initiated,-6.5
833,-2,690400,TOMATOES,5004.0,3,4991,5004,4997.5,buy_initiated,6.5
836,-2,691700,TOMATOES,4989.0,4,4989,5003,4996.0,sell_initiated,-7.0
838,-2,697900,TOMATOES,5002.0,5,4989,5002,4995.5,buy_initiated,6.5
839,-2,698000,EMERALDS,10008.0,3,9992,10008,10000.0,buy_initiated,8.0
840,-2,698400,TOMATOES,4988.0,3,4988,5002,4995.0,sell_initiated,-7.0
842,-2,701300,TOMATOES,4987.0,5,4987,5000,4993.5,sell_initiated,-6.5
843,-2,702600,TOMATOES,5000.0,3,4986,5000,4993.0,buy_initiated,7.0
844,-2,703300,EMERALDS,9992.0,4,9992,10008,10000.0,sell_initiated,-8.0
847,-2,707100,EMERALDS,9992.0,6,9992,10008,10000.0,sell_initiated,-8.0
848,-2,707500,EMERALDS,9992.0,4,9992,10008,10000.0,sell_initiated,-8.0
850,-2,709000,TOMATOES,4988.0,3,4988,5002,4995.0,sell_initiated,-7.0
851,-2,709100,TOMATOES,4989.0,2,4989,5002,4995.5,sell_initiated,-6.5
854,-2,711900,TOMATOES,4993.0,4,4993,5007,5000.0,sell_initiated,-7.0
857,-2,714700,TOMATOES,5008.0,4,4995,5008,5001.5,buy_initiated,6.5
858,-2,714800,TOMATOES,5009.0,4,4995,5009,5002.0,buy_initiated,7.0
863,-2,718700,TOMATOES,4999.0,2,4999,5012,5005.5,sell_initiated,-6.5
867,-2,721700,TOMATOES,4998.0,2,4998,5012,5005.0,sell_initiated,-7.0
871,-2,722900,TOMATOES,4997.0,5,4997,5010,5003.5,sell_initiated,-6.5
872,-2,723200,TOMATOES,5010.0,4,4996,5010,5003.0,buy_initiated,7.0
873,-2,724400,TOMATOES,4995.0,3,4995,5008,5001.5,sell_initiated,-6.5
876,-2,727100,EMERALDS,9992.0,6,9992,10008,10000.0,sell_initiated,-8.0
878,-2,727800,TOMATOES,4996.0,4,4996,5009,5002.5,sell_initiated,-6.5
879,-2,731400,TOMATOES,5011.0,4,4998,5011,5004.5,buy_initiated,6.5
880,-2,731700,EMERALDS,10008.0,4,9992,10008,10000.0,buy_initiated,8.0
886,-2,735200,TOMATOES,5003.0,4,4998,5003,5000.5,buy_initiated,2.5
887,-2,735300,TOMATOES,5012.0,5,4998,5012,5005.0,buy_initiated,7.0
890,-2,737600,TOMATOES,5011.0,4,4997,5011,5004.0,buy_initiated,7.0
891,-2,737700,TOMATOES,4997.0,2,4997,5010,5003.5,sell_initiated,-6.5
894,-2,738800,TOMATOES,5011.0,2,4998,5011,5004.5,buy_initiated,6.5
895,-2,739000,TOMATOES,4998.0,4,4998,5011,5004.5,sell_initiated,-6.5
896,-2,740700,TOMATOES,5010.0,5,4997,5010,5003.5,buy_initiated,6.5
898,-2,741900,EMERALDS,10008.0,5,10000,10008,10004.0,buy_initiated,4.0
900,-2,744900,EMERALDS,10008.0,3,9992,10008,10000.0,buy_initiated,8.0
901,-2,745000,EMERALDS,10008.0,8,9992,10008,10000.0,buy_initiated,8.0
902,-2,745700,TOMATOES,5008.0,2,4994,5008,5001.0,buy_initiated,7.0
904,-2,748000,TOMATOES,4995.0,3,4995,5009,5002.0,sell_initiated,-7.0
906,-2,748600,EMERALDS,9992.0,8,9992,10008,10000.0,sell_initiated,-8.0
908,-2,750000,TOMATOES,4995.0,2,4995,5009,5002.0,sell_initiated,-7.0
914,-2,753400,TOMATOES,4996.0,4,4996,5010,5003.0,sell_initiated,-7.0
918,-2,757800,TOMATOES,5009.0,3,4995,5009,5002.0,buy_initiated,7.0
920,-2,758400,TOMATOES,4997.0,5,4997,5010,5003.5,sell_initiated,-6.5
924,-2,760600,TOMATOES,4995.0,3,4995,5009,5002.0,sell_initiated,-7.0
925,-2,761000,EMERALDS,10008.0,8,9992,10008,10000.0,buy_initiated,8.0
930,-2,766500,EMERALDS,10008.0,3,9992,10008,10000.0,buy_initiated,8.0
931,-2,767000,TOMATOES,5005.0,2,5005,5018,5011.5,sell_initiated,-6.5
933,-2,767700,TOMATOES,5007.0,3,5007,5020,5013.5,sell_initiated,-6.5
934,-2,767900,TOMATOES,5007.0,3,5007,5021,5014.0,sell_initiated,-7.0
936,-2,768400,TOMATOES,5007.0,3,5007,5021,5014.0,sell_initiated,-7.0
939,-2,771200,TOMATOES,5007.0,2,5007,5020,5013.5,sell_initiated,-6.5
940,-2,773400,TOMATOES,5022.0,4,5008,5022,5015.0,buy_initiated,7.0
942,-2,775500,TOMATOES,5024.0,4,5011,5024,5017.5,buy_initiated,6.5
943,-2,776500,TOMATOES,5015.0,2,5015,5024,5019.5,sell_initiated,-4.5
944,-2,778600,TOMATOES,5012.0,3,5012,5025,5018.5,sell_initiated,-6.5
948,-2,780900,TOMATOES,5026.0,3,5012,5026,5019.0,buy_initiated,7.0
951,-2,783400,EMERALDS,10008.0,7,9992,10008,10000.0,buy_initiated,8.0
952,-2,784200,TOMATOES,5023.0,3,5010,5023,5016.5,buy_initiated,6.5
955,-2,786500,TOMATOES,5023.0,3,5010,5023,5016.5,buy_initiated,6.5
958,-2,792000,EMERALDS,10008.0,4,9992,10008,10000.0,buy_initiated,8.0
963,-2,793300,TOMATOES,5025.0,5,5011,5025,5018.0,buy_initiated,7.0
965,-2,796100,TOMATOES,5025.0,5,5016,5025,5020.5,buy_initiated,4.5
966,-2,797300,TOMATOES,5025.0,2,5011,5025,5018.0,buy_initiated,7.0
967,-2,797800,EMERALDS,9992.0,8,9992,10008,10000.0,sell_initiated,-8.0
969,-2,799100,TOMATOES,5028.0,5,5015,5028,5021.5,buy_initiated,6.5
970,-2,799300,TOMATOES,5015.0,4,5015,5028,5021.5,sell_initiated,-6.5
971,-2,800400,TOMATOES,5026.0,3,5013,5026,5019.5,buy_initiated,6.5
973,-2,803000,TOMATOES,5025.0,3,5011,5025,5018.0,buy_initiated,7.0
977,-2,806200,EMERALDS,9992.0,7,9992,10008,10000.0,sell_initiated,-8.0
979,-2,808200,TOMATOES,5015.0,4,5015,5028,5021.5,sell_initiated,-6.5
980,-2,808900,EMERALDS,9992.0,3,9992,10008,10000.0,sell_initiated,-8.0
981,-2,808900,TOMATOES,5023.0,3,5023,5029,5026.0,sell_initiated,-3.0
985,-2,811500,EMERALDS,9992.0,5,9992,10008,10000.0,sell_initiated,-8.0
986,-2,811900,TOMATOES,5027.0,5,5014,5027,5020.5,buy_initiated,6.5
987,-2,814600,TOMATOES,5025.0,3,5018,5025,5021.5,buy_initiated,3.5
988,-2,815100,TOMATOES,5033.0,5,5020,5033,5026.5,buy_initiated,6.5
990,-2,815300,TOMATOES,5034.0,2,5020,5034,5027.0,buy_initiated,7.0
996,-2,817800,EMERALDS,9992.0,4,9992,10008,10000.0,sell_initiated,-8.0
999,-2,818800,TOMATOES,5024.0,2,5024,5038,5031.0,sell_initiated,-7.0
1001,-2,822100,EMERALDS,9992.0,4,9992,10008,10000.0,sell_initiated,-8.0
1002,-2,822100,TOMATOES,5023.0,5,5023,5036,5029.5,sell_initiated,-6.5
1003,-2,822200,TOMATOES,5023.0,3,5023,5037,5030.0,sell_initiated,-7.0
1004,-2,822500,EMERALDS,10008.0,7,9992,10008,10000.0,buy_initiated,8.0
1005,-2,822700,EMERALDS,10008.0,7,9992,10008,10000.0,buy_initiated,8.0
1006,-2,823100,EMERALDS,10008.0,3,9992,10008,10000.0,buy_initiated,8.0
1007,-2,824000,EMERALDS,9992.0,6,9992,10008,10000.0,sell_initiated,-8.0
1008,-2,825300,TOMATOES,5034.0,4,5020,5034,5027.0,buy_initiated,7.0
1010,-2,826800,EMERALDS,9992.0,6,9992,10008,10000.0,sell_initiated,-8.0
1013,-2,829300,TOMATOES,5018.0,3,5018,5032,5025.0,sell_initiated,-7.0
1015,-2,830400,TOMATOES,5032.0,4,5018,5032,5025.0,buy_initiated,7.0
1021,-2,833200,TOMATOES,5016.0,3,5016,5030,5023.0,sell_initiated,-7.0
1022,-2,833500,TOMATOES,5031.0,5,5017,5031,5024.0,buy_initiated,7.0
1023,-2,834700,EMERALDS,10008.0,8,9992,10008,10000.0,buy_initiated,8.0
1025,-2,837600,EMERALDS,10008.0,7,9992,10008,10000.0,buy_initiated,8.0
1026,-2,839200,EMERALDS,10008.0,3,9992,10008,10000.0,buy_initiated,8.0
1029,-2,845200,TOMATOES,5011.0,2,5011,5024,5017.5,sell_initiated,-6.5
1030,-2,846300,TOMATOES,5011.0,2,5011,5025,5018.0,sell_initiated,-7.0
1031,-2,846400,TOMATOES,5011.0,4,5011,5025,5018.0,sell_initiated,-7.0
1034,-2,848000,EMERALDS,10008.0,7,9992,10008,10000.0,buy_initiated,8.0
1036,-2,848300,TOMATOES,5011.0,5,5011,5024,5017.5,sell_initiated,-6.5
1038,-2,849500,EMERALDS,9992.0,6,9992,10008,10000.0,sell_initiated,-8.0
1040,-2,851000,EMERALDS,10008.0,7,9992,10008,10000.0,buy_initiated,8.0
1041,-2,851300,TOMATOES,5015.0,5,5015,5029,5022.0,sell_initiated,-7.0
1042,-2,853700,TOMATOES,5029.0,5,5016,5029,5022.5,buy_initiated,6.5
1044,-2,855100,TOMATOES,5017.0,4,5017,5031,5024.0,sell_initiated,-7.0
1045,-2,856000,TOMATOES,5032.0,2,5019,5032,5025.5,buy_initiated,6.5
1046,-2,856600,TOMATOES,5032.0,4,5019,5032,5025.5,buy_initiated,6.5
1048,-2,858500,TOMATOES,5033.0,5,5020,5033,5026.5,buy_initiated,6.5
1050,-2,860200,TOMATOES,5019.0,2,5019,5033,5026.0,sell_initiated,-7.0
1051,-2,860400,TOMATOES,5033.0,5,5019,5033,5026.0,buy_initiated,7.0
1053,-2,861500,TOMATOES,5020.0,3,5020,5033,5026.5,sell_initiated,-6.5
1054,-2,862300,TOMATOES,5021.0,5,5021,5035,5028.0,sell_initiated,-7.0
1058,-2,864100,TOMATOES,5023.0,5,5023,5036,5029.5,sell_initiated,-6.5
1061,-2,864900,EMERALDS,9992.0,5,9992,10008,10000.0,sell_initiated,-8.0
1062,-2,864900,TOMATOES,5038.0,4,5025,5038,5031.5,buy_initiated,6.5
1065,-2,867700,TOMATOES,5038.0,5,5024,5038,5031.0,buy_initiated,7.0
1067,-2,868200,EMERALDS,9992.0,5,9992,10008,10000.0,sell_initiated,-8.0
1068,-2,868300,TOMATOES,5039.0,5,5025,5039,5032.0,buy_initiated,7.0
1069,-2,868600,TOMATOES,5025.0,4,5025,5038,5031.5,sell_initiated,-6.5
1071,-2,870400,EMERALDS,10008.0,7,9992,10008,10000.0,buy_initiated,8.0
1073,-2,871800,TOMATOES,5018.0,5,5018,5032,5025.0,sell_initiated,-7.0
1074,-2,873300,TOMATOES,5033.0,3,5020,5033,5026.5,buy_initiated,6.5
1078,-2,876000,TOMATOES,5018.0,2,5018,5031,5024.5,sell_initiated,-6.5
1083,-2,884000,TOMATOES,5021.0,2,5021,5035,5028.0,sell_initiated,-7.0
1084,-2,884100,TOMATOES,5021.0,4,5021,5034,5027.5,sell_initiated,-6.5
1087,-2,886000,TOMATOES,5022.0,5,5022,5036,5029.0,sell_initiated,-7.0
1089,-2,886600,TOMATOES,5036.0,2,5023,5036,5029.5,buy_initiated,6.5
1091,-2,889100,TOMATOES,5022.0,2,5022,5036,5029.0,sell_initiated,-7.0
1092,-2,889900,TOMATOES,5023.0,4,5023,5037,5030.0,sell_initiated,-7.0
1093,-2,890100,TOMATOES,5023.0,3,5023,5036,5029.5,sell_initiated,-6.5
1095,-2,891100,TOMATOES,5021.0,2,5021,5035,5028.0,sell_initiated,-7.0
1096,-2,891200,EMERALDS,10008.0,8,9992,10008,10000.0,buy_initiated,8.0
1098,-2,893200,TOMATOES,5021.0,4,5021,5035,5028.0,sell_initiated,-7.0
1100,-2,894700,TOMATOES,5038.0,5,5025,5038,5031.5,buy_initiated,6.5
1101,-2,895400,TOMATOES,5031.0,5,5031,5039,5035.0,sell_initiated,-4.0
1102,-2,896700,TOMATOES,5031.0,6,5025,5031,5028.0,buy_initiated,3.0
1103,-2,898100,TOMATOES,5040.0,4,5027,5040,5033.5,buy_initiated,6.5
1104,-2,898300,TOMATOES,5040.0,4,5026,5040,5033.0,buy_initiated,7.0
1106,-2,900000,TOMATOES,5037.0,3,5024,5037,5030.5,buy_initiated,6.5
1111,-2,901700,TOMATOES,5024.0,3,5024,5037,5030.5,sell_initiated,-6.5
1112,-2,902600,TOMATOES,5024.0,2,5024,5038,5031.0,sell_initiated,-7.0
1116,-2,906300,TOMATOES,5037.0,5,5024,5037,5030.5,buy_initiated,6.5
1117,-2,906500,TOMATOES,5038.0,3,5024,5038,5031.0,buy_initiated,7.0
1122,-2,909600,EMERALDS,10008.0,3,9992,10008,10000.0,buy_initiated,8.0
1123,-2,910000,TOMATOES,5020.0,4,5020,5034,5027.0,sell_initiated,-7.0
1124,-2,910800,TOMATOES,5020.0,4,5020,5034,5027.0,sell_initiated,-7.0
1127,-2,912100,TOMATOES,5017.0,3,5017,5031,5024.0,sell_initiated,-7.0
1129,-2,913500,TOMATOES,5015.0,5,5015,5029,5022.0,sell_initiated,-7.0
1133,-2,916800,TOMATOES,5020.0,5,5013,5020,5016.5,buy_initiated,3.5
1134,-2,919800,EMERALDS,10008.0,3,9992,10008,10000.0,buy_initiated,8.0
1136,-2,923000,TOMATOES,5019.0,2,5019,5033,5026.0,sell_initiated,-7.0
1142,-2,927400,EMERALDS,9992.0,5,9992,10008,10000.0,sell_initiated,-8.0
1144,-2,928900,TOMATOES,5020.0,5,5020,5033,5026.5,sell_initiated,-6.5
1147,-2,932900,EMERALDS,10008.0,5,9992,10008,10000.0,buy_initiated,8.0
1150,-2,937200,TOMATOES,5032.0,4,5018,5032,5025.0,buy_initiated,7.0
1153,-2,940200,EMERALDS,10008.0,7,10000,10008,10004.0,buy_initiated,4.0
1157,-2,941100,TOMATOES,5019.0,5,5019,5032,5025.5,sell_initiated,-6.5
1159,-2,942400,EMERALDS,9992.0,6,9992,10008,10000.0,sell_initiated,-8.0
1160,-2,943600,EMERALDS,9992.0,6,9992,10008,10000.0,sell_initiated,-8.0
1161,-2,945100,TOMATOES,5028.0,4,5015,5028,5021.5,buy_initiated,6.5
1162,-2,947200,EMERALDS,10008.0,4,9992,10008,10000.0,buy_initiated,8.0
1164,-2,949400,EMERALDS,10008.0,6,9992,10008,10000.0,buy_initiated,8.0
1165,-2,949800,TOMATOES,5020.0,5,5007,5020,5013.5,buy_initiated,6.5
1166,-2,950000,EMERALDS,10008.0,8,9992,10008,10000.0,buy_initiated,8.0
1167,-2,950300,TOMATOES,5008.0,2,5008,5021,5014.5,sell_initiated,-6.5
1169,-2,950600,TOMATOES,5006.0,2,5006,5020,5013.0,sell_initiated,-7.0
1172,-2,952400,EMERALDS,9992.0,6,9992,10008,10000.0,sell_initiated,-8.0
1174,-2,954600,EMERALDS,10008.0,5,9992,10008,10000.0,buy_initiated,8.0
1176,-2,957400,EMERALDS,10008.0,8,9992,10008,10000.0,buy_initiated,8.0
1178,-2,957800,TOMATOES,5020.0,2,5006,5020,5013.0,buy_initiated,7.0
1179,-2,958200,TOMATOES,5007.0,4,5007,5020,5013.5,sell_initiated,-6.5
1180,-2,960300,EMERALDS,10008.0,4,9992,10008,10000.0,buy_initiated,8.0
1181,-2,961000,TOMATOES,5017.0,5,5003,5017,5010.0,buy_initiated,7.0
1182,-2,961100,TOMATOES,5003.0,5,5003,5016,5009.5,sell_initiated,-6.5
1183,-2,962800,TOMATOES,5003.0,2,5003,5017,5010.0,sell_initiated,-7.0
1184,-2,965400,TOMATOES,5002.0,4,5002,5016,5009.0,sell_initiated,-7.0
1185,-2,966900,EMERALDS,10008.0,6,9992,10008,10000.0,buy_initiated,8.0
1188,-2,968300,TOMATOES,5015.0,4,5001,5015,5008.0,buy_initiated,7.0
1189,-2,969000,EMERALDS,10008.0,3,9992,10008,10000.0,buy_initiated,8.0
1190,-2,969000,TOMATOES,5016.0,2,5002,5016,5009.0,buy_initiated,7.0
1193,-2,969800,TOMATOES,5017.0,2,5004,5017,5010.5,buy_initiated,6.5
1194,-2,972700,TOMATOES,5016.0,2,5003,5016,5009.5,buy_initiated,6.5
1196,-2,973400,TOMATOES,5016.0,3,5002,5016,5009.0,buy_initiated,7.0
1198,-2,973600,TOMATOES,5003.0,2,5003,5016,5009.5,sell_initiated,-6.5
1199,-2,974800,TOMATOES,5002.0,5,5002,5016,5009.0,sell_initiated,-7.0
1200,-2,976300,TOMATOES,5004.0,5,5004,5018,5011.0,sell_initiated,-7.0
1204,-2,980300,TOMATOES,5019.0,3,5006,5019,5012.5,buy_initiated,6.5
1209,-2,985400,TOMATOES,5016.0,2,5002,5016,5009.0,buy_initiated,7.0
1211,-2,985800,TOMATOES,5015.0,2,5002,5015,5008.5,buy_initiated,6.5
1212,-2,986100,TOMATOES,5002.0,5,5002,5016,5009.0,sell_initiated,-7.0
1213,-2,988600,TOMATOES,5004.0,5,5004,5018,5011.0,sell_initiated,-7.0
1214,-2,989300,TOMATOES,5017.0,2,5003,5017,5010.0,buy_initiated,7.0
1215,-2,991500,TOMATOES,5017.0,2,5004,5017,5010.5,buy_initiated,6.5
1216,-2,991700,TOMATOES,5004.0,4,5004,5018,5011.0,sell_initiated,-7.0
2,-1,3200,EMERALDS,9992.0,8,9992,10008,10000.0,sell_initiated,-8.0
3,-1,3400,TOMATOES,5009.0,2,4996,5009,5002.5,buy_initiated,6.5
6,-1,5000,EMERALDS,9992.0,7,9992,10000,9996.0,sell_initiated,-4.0
9,-1,7000,TOMATOES,5010.0,4,4997,5010,5003.5,buy_initiated,6.5
11,-1,9600,TOMATOES,4999.0,5,4999,5013,5006.0,sell_initiated,-7.0
12,-1,9900,TOMATOES,5000.0,4,5000,5013,5006.5,sell_initiated,-6.5
19,-1,16400,TOMATOES,4996.0,2,4996,5010,5003.0,sell_initiated,-7.0
22,-1,17900,TOMATOES,5009.0,2,4995,5009,5002.0,buy_initiated,7.0
24,-1,22200,TOMATOES,5005.0,3,4991,5005,4998.0,buy_initiated,7.0
26,-1,23500,TOMATOES,4989.0,3,4989,5002,4995.5,sell_initiated,-6.5
28,-1,24600,TOMATOES,5002.0,5,4988,5002,4995.0,buy_initiated,7.0
29,-1,26100,TOMATOES,4988.0,2,4988,5002,4995.0,sell_initiated,-7.0
31,-1,31400,EMERALDS,10008.0,3,9992,10008,10000.0,buy_initiated,8.0
33,-1,34700,TOMATOES,4998.0,4,4984,4998,4991.0,buy_initiated,7.0
35,-1,36400,TOMATOES,4986.0,2,4986,5000,4993.0,sell_initiated,-7.0
36,-1,36700,TOMATOES,4985.0,2,4985,4998,4991.5,sell_initiated,-6.5
40,-1,39400,TOMATOES,4978.0,2,4978,4992,4985.0,sell_initiated,-7.0
41,-1,39900,EMERALDS,9992.0,7,9992,10008,10000.0,sell_initiated,-8.0
44,-1,42400,EMERALDS,9992.0,5,9992,10008,10000.0,sell_initiated,-8.0
46,-1,43900,TOMATOES,4989.0,5,4975,4989,4982.0,buy_initiated,7.0
49,-1,51300,EMERALDS,9992.0,7,9992,10008,10000.0,sell_initiated,-8.0
51,-1,52800,TOMATOES,4994.0,4,4981,4994,4987.5,buy_initiated,6.5
52,-1,53100,TOMATOES,4995.0,2,4982,4995,4988.5,buy_initiated,6.5
54,-1,53600,TOMATOES,4996.0,2,4983,4996,4989.5,buy_initiated,6.5
55,-1,54400,TOMATOES,4983.0,3,4983,4997,4990.0,sell_initiated,-7.0
56,-1,55300,EMERALDS,9992.0,6,9992,10008,10000.0,sell_initiated,-8.0
57,-1,55700,EMERALDS,9992.0,4,9992,10008,10000.0,sell_initiated,-8.0
58,-1,59700,TOMATOES,4993.0,5,4980,4993,4986.5,buy_initiated,6.5
59,-1,62700,EMERALDS,9992.0,8,9992,10008,10000.0,sell_initiated,-8.0
61,-1,64100,TOMATOES,4984.0,4,4984,4997,4990.5,sell_initiated,-6.5
64,-1,66100,TOMATOES,4990.0,3,4990,4996,4993.0,sell_initiated,-3.0
65,-1,66700,EMERALDS,10008.0,7,9992,10008,10000.0,buy_initiated,8.0
67,-1,67300,EMERALDS,9992.0,7,9992,10000,9996.0,sell_initiated,-4.0
71,-1,70600,TOMATOES,4993.0,2,4980,4993,4986.5,buy_initiated,6.5
72,-1,71200,TOMATOES,4993.0,2,4979,4993,4986.0,buy_initiated,7.0
74,-1,73500,TOMATOES,4982.0,3,4982,4995,4988.5,sell_initiated,-6.5
75,-1,73700,EMERALDS,9992.0,3,9992,10008,10000.0,sell_initiated,-8.0
76,-1,74200,TOMATOES,4996.0,3,4983,4996,4989.5,buy_initiated,6.5
77,-1,75200,TOMATOES,4982.0,4,4982,4996,4989.0,sell_initiated,-7.0
78,-1,78300,TOMATOES,4997.0,5,4984,4997,4990.5,buy_initiated,6.5
79,-1,79100,TOMATOES,4984.0,5,4984,4997,4990.5,sell_initiated,-6.5
80,-1,80300,TOMATOES,4985.0,3,4985,4999,4992.0,sell_initiated,-7.0
81,-1,80400,EMERALDS,9992.0,3,9992,10008,10000.0,sell_initiated,-8.0
82,-1,80900,TOMATOES,4984.0,2,4984,4998,4991.0,sell_initiated,-7.0
83,-1,81000,TOMATOES,4984.0,4,4984,4998,4991.0,sell_initiated,-7.0
84,-1,81400,TOMATOES,4984.0,5,4984,4997,4990.5,sell_initiated,-6.5
85,-1,83800,EMERALDS,9992.0,7,9992,10008,10000.0,sell_initiated,-8.0
87,-1,84500,TOMATOES,4979.0,3,4979,4993,4986.0,sell_initiated,-7.0
88,-1,85500,TOMATOES,4977.0,2,4977,4990,4983.5,sell_initiated,-6.5
89,-1,86000,TOMATOES,4991.0,5,4983,4991,4987.0,buy_initiated,4.0
90,-1,87600,EMERALDS,9992.0,8,9992,10008,10000.0,sell_initiated,-8.0
95,-1,93900,EMERALDS,10008.0,7,9992,10008,10000.0,buy_initiated,8.0
96,-1,94000,TOMATOES,4978.0,3,4978,4984,4981.0,sell_initiated,-3.0
97,-1,95100,EMERALDS,9992.0,7,9992,10008,10000.0,sell_initiated,-8.0
98,-1,96500,EMERALDS,10008.0,6,9992,10008,10000.0,buy_initiated,8.0
99,-1,97200,TOMATOES,4978.0,4,4978,4985,4981.5,sell_initiated,-3.5
100,-1,97500,TOMATOES,4978.0,3,4978,4991,4984.5,sell_initiated,-6.5
101,-1,98000,EMERALDS,9992.0,7,9992,10008,10000.0,sell_initiated,-8.0
102,-1,98400,EMERALDS,10008.0,7,9992,10008,10000.0,buy_initiated,8.0
105,-1,101200,EMERALDS,10008.0,6,9992,10008,10000.0,buy_initiated,8.0
106,-1,101600,EMERALDS,10000.0,6,9992,10000,9996.0,buy_initiated,4.0
108,-1,103700,EMERALDS,9992.0,5,9992,10008,10000.0,sell_initiated,-8.0
111,-1,108000,EMERALDS,9992.0,4,9992,10008,10000.0,sell_initiated,-8.0
112,-1,110200,TOMATOES,4986.0,5,4986,4999,4992.5,sell_initiated,-6.5
113,-1,110700,EMERALDS,9992.0,6,9992,10008,10000.0,sell_initiated,-8.0
115,-1,111900,TOMATOES,4986.0,3,4986,5000,4993.0,sell_initiated,-7.0
117,-1,112000,TOMATOES,4999.0,4,4986,4999,4992.5,buy_initiated,6.5
118,-1,113000,TOMATOES,4999.0,4,4993,4999,4996.0,buy_initiated,3.0
122,-1,116300,TOMATOES,5001.0,2,4988,5001,4994.5,buy_initiated,6.5
128,-1,120900,TOMATOES,4990.0,3,4990,5003,4996.5,sell_initiated,-6.5
133,-1,124800,TOMATOES,4989.0,2,4989,5002,4995.5,sell_initiated,-6.5
138,-1,128400,EMERALDS,9992.0,3,9992,10008,10000.0,sell_initiated,-8.0
139,-1,128700,TOMATOES,4988.0,3,4988,5001,4994.5,sell_initiated,-6.5
140,-1,129000,TOMATOES,5001.0,2,4987,5001,4994.0,buy_initiated,7.0
142,-1,130500,TOMATOES,4985.0,3,4985,4999,4992.0,sell_initiated,-7.0
143,-1,130900,TOMATOES,4985.0,2,4985,4998,4991.5,sell_initiated,-6.5
145,-1,131700,EMERALDS,10008.0,8,9992,10008,10000.0,buy_initiated,8.0
147,-1,131900,TOMATOES,4999.0,4,4986,4999,4992.5,buy_initiated,6.5
148,-1,132100,EMERALDS,9992.0,6,9992,10008,10000.0,sell_initiated,-8.0
149,-1,132100,TOMATOES,4986.0,4,4986,5000,4993.0,sell_initiated,-7.0
151,-1,133400,TOMATOES,5001.0,4,4987,5001,4994.0,buy_initiated,7.0
152,-1,133700,EMERALDS,10008.0,8,9992,10008,10000.0,buy_initiated,8.0
154,-1,133900,EMERALDS,9992.0,3,9992,10008,10000.0,sell_initiated,-8.0
155,-1,135500,EMERALDS,9992.0,5,9992,10008,10000.0,sell_initiated,-8.0
156,-1,135600,EMERALDS,9992.0,7,9992,10008,10000.0,sell_initiated,-8.0
157,-1,136200,TOMATOES,4987.0,4,4987,5001,4994.0,sell_initiated,-7.0
159,-1,137600,TOMATOES,5001.0,5,4987,5001,4994.0,buy_initiated,7.0
163,-1,141300,EMERALDS,9992.0,6,9992,10008,10000.0,sell_initiated,-8.0
164,-1,141700,TOMATOES,4997.0,5,4997,5003,5000.0,sell_initiated,-3.0
167,-1,144200,TOMATOES,4986.0,2,4986,5000,4993.0,sell_initiated,-7.0
168,-1,146100,EMERALDS,10008.0,4,9992,10008,10000.0,buy_initiated,8.0
172,-1,151500,TOMATOES,4984.0,2,4984,4997,4990.5,sell_initiated,-6.5
173,-1,152000,EMERALDS,9992.0,4,9992,10008,10000.0,sell_initiated,-8.0
175,-1,153400,TOMATOES,4996.0,4,4982,4996,4989.0,buy_initiated,7.0
176,-1,154700,EMERALDS,9992.0,6,9992,10008,10000.0,sell_initiated,-8.0
178,-1,156700,TOMATOES,4997.0,3,4984,4997,4990.5,buy_initiated,6.5
180,-1,157600,TOMATOES,4996.0,3,4982,4996,4989.0,buy_initiated,7.0
181,-1,158300,EMERALDS,10008.0,3,9992,10008,10000.0,buy_initiated,8.0
183,-1,158900,TOMATOES,4976.0,2,4976,4990,4983.0,sell_initiated,-7.0
184,-1,159200,TOMATOES,4978.0,3,4978,4991,4984.5,sell_initiated,-6.5
188,-1,161000,TOMATOES,4977.0,3,4977,4990,4983.5,sell_initiated,-6.5
189,-1,161800,TOMATOES,4976.0,2,4976,4989,4982.5,sell_initiated,-6.5
190,-1,162400,TOMATOES,4976.0,3,4976,4983,4979.5,sell_initiated,-3.5
191,-1,162900,TOMATOES,4975.0,5,4975,4989,4982.0,sell_initiated,-7.0
197,-1,167300,TOMATOES,4982.0,2,4982,4996,4989.0,sell_initiated,-7.0
198,-1,168200,TOMATOES,4995.0,4,4982,4995,4988.5,buy_initiated,6.5
200,-1,170100,EMERALDS,10000.0,6,9992,10000,9996.0,buy_initiated,4.0
201,-1,170800,TOMATOES,4982.0,3,4982,4996,4989.0,sell_initiated,-7.0
204,-1,176000,TOMATOES,4998.0,4,4984,4998,4991.0,buy_initiated,7.0
205,-1,176300,TOMATOES,4984.0,3,4984,4997,4990.5,sell_initiated,-6.5
206,-1,176900,TOMATOES,4985.0,2,4985,4998,4991.5,sell_initiated,-6.5
211,-1,180300,TOMATOES,4981.0,3,4981,4994,4987.5,sell_initiated,-6.5
212,-1,181100,TOMATOES,4982.0,4,4982,4996,4989.0,sell_initiated,-7.0
213,-1,182600,TOMATOES,4981.0,5,4981,4995,4988.0,sell_initiated,-7.0
214,-1,182700,EMERALDS,10008.0,5,9992,10008,10000.0,buy_initiated,8.0
221,-1,185200,TOMATOES,4997.0,3,4983,4997,4990.0,buy_initiated,7.0
222,-1,187100,TOMATOES,5000.0,2,4986,5000,4993.0,buy_initiated,7.0
224,-1,187600,TOMATOES,4988.0,3,4988,5001,4994.5,sell_initiated,-6.5
226,-1,188300,TOMATOES,5002.0,5,4989,5002,4995.5,buy_initiated,6.5
227,-1,189000,TOMATOES,4987.0,3,4987,5001,4994.0,sell_initiated,-7.0
229,-1,191700,TOMATOES,5000.0,3,4986,5000,4993.0,buy_initiated,7.0
231,-1,192700,TOMATOES,4984.0,3,4984,4998,4991.0,sell_initiated,-7.0
237,-1,195700,TOMATOES,4991.0,3,4991,4998,4994.5,sell_initiated,-3.5
239,-1,202200,TOMATOES,5005.0,3,4991,5005,4998.0,buy_initiated,7.0
241,-1,203600,TOMATOES,5002.0,4,4989,5002,4995.5,buy_initiated,6.5
244,-1,206300,TOMATOES,5002.0,2,4989,5002,4995.5,buy_initiated,6.5
245,-1,206400,TOMATOES,4989.0,3,4989,5003,4996.0,sell_initiated,-7.0
246,-1,207200,TOMATOES,4988.0,4,4988,5002,4995.0,sell_initiated,-7.0
247,-1,207500,EMERALDS,10008.0,7,9992,10008,10000.0,buy_initiated,8.0
253,-1,210000,EMERALDS,9992.0,6,9992,10008,10000.0,sell_initiated,-8.0
259,-1,212200,EMERALDS,9992.0,5,9992,10008,10000.0,sell_initiated,-8.0
260,-1,212200,TOMATOES,4995.0,4,4995,5009,5002.0,sell_initiated,-7.0
261,-1,213300,TOMATOES,4993.0,2,4993,5006,4999.5,sell_initiated,-6.5
263,-1,215500,TOMATOES,5003.0,3,4990,5003,4996.5,buy_initiated,6.5
264,-1,216000,TOMATOES,5001.0,4,4988,5001,4994.5,buy_initiated,6.5
267,-1,218400,EMERALDS,10008.0,3,9992,10008,10000.0,buy_initiated,8.0
269,-1,218700,TOMATOES,4999.0,4,4985,4999,4992.0,buy_initiated,7.0
270,-1,218800,TOMATOES,4984.0,5,4984,4998,4991.0,sell_initiated,-7.0
271,-1,218900,TOMATOES,4986.0,2,4986,4999,4992.5,sell_initiated,-6.5
272,-1,219300,EMERALDS,10008.0,3,9992,10008,10000.0,buy_initiated,8.0
274,-1,225900,EMERALDS,10008.0,8,10000,10008,10004.0,buy_initiated,4.0
275,-1,226300,TOMATOES,4997.0,5,4983,4997,4990.0,buy_initiated,7.0
276,-1,227300,TOMATOES,4998.0,5,4985,4998,4991.5,buy_initiated,6.5
277,-1,229400,TOMATOES,4980.0,3,4980,4994,4987.0,sell_initiated,-7.0
278,-1,231600,TOMATOES,4982.0,3,4982,4988,4985.0,sell_initiated,-3.0
280,-1,233200,TOMATOES,4990.0,3,4976,4990,4983.0,buy_initiated,7.0
284,-1,234400,EMERALDS,10008.0,8,9992,10008,10000.0,buy_initiated,8.0
286,-1,236300,EMERALDS,10008.0,3,9992,10008,10000.0,buy_initiated,8.0
288,-1,239100,TOMATOES,4990.0,5,4977,4990,4983.5,buy_initiated,6.5
289,-1,242000,EMERALDS,10008.0,5,9992,10008,10000.0,buy_initiated,8.0
291,-1,243600,EMERALDS,9992.0,4,9992,10008,10000.0,sell_initiated,-8.0
295,-1,248700,TOMATOES,4981.0,4,4981,4994,4987.5,sell_initiated,-6.5
296,-1,249000,TOMATOES,4994.0,4,4981,4994,4987.5,buy_initiated,6.5
297,-1,249800,TOMATOES,4991.0,2,4978,4991,4984.5,buy_initiated,6.5
299,-1,250200,TOMATOES,4991.0,2,4977,4991,4984.0,buy_initiated,7.0
300,-1,251800,TOMATOES,4991.0,2,4978,4991,4984.5,buy_initiated,6.5
301,-1,252300,TOMATOES,4977.0,4,4977,4991,4984.0,sell_initiated,-7.0
308,-1,259000,TOMATOES,4982.0,3,4982,4995,4988.5,sell_initiated,-6.5
314,-1,261900,TOMATOES,4984.0,3,4984,4997,4990.5,sell_initiated,-6.5
315,-1,262900,EMERALDS,10008.0,8,9992,10008,10000.0,buy_initiated,8.0
320,-1,267600,TOMATOES,4978.0,3,4978,4992,4985.0,sell_initiated,-7.0
321,-1,269100,TOMATOES,4993.0,2,4979,4993,4986.0,buy_initiated,7.0
322,-1,269700,TOMATOES,4987.0,4,4980,4987,4983.5,buy_initiated,3.5
327,-1,274300,TOMATOES,4983.0,2,4983,4991,4987.0,sell_initiated,-4.0
330,-1,276300,TOMATOES,4981.0,5,4981,4995,4988.0,sell_initiated,-7.0
334,-1,278600,TOMATOES,4982.0,4,4982,4995,4988.5,sell_initiated,-6.5
335,-1,280400,TOMATOES,4989.0,5,4976,4989,4982.5,buy_initiated,6.5
338,-1,281700,TOMATOES,4977.0,4,4977,4990,4983.5,sell_initiated,-6.5
340,-1,282200,TOMATOES,4989.0,4,4976,4989,4982.5,buy_initiated,6.5
341,-1,282500,TOMATOES,4990.0,5,4982,4990,4986.0,buy_initiated,4.0
342,-1,282600,TOMATOES,4989.0,3,4976,4989,4982.5,buy_initiated,6.5
344,-1,285700,EMERALDS,9992.0,6,9992,10008,10000.0,sell_initiated,-8.0
346,-1,286800,TOMATOES,4989.0,2,4976,4989,4982.5,buy_initiated,6.5
347,-1,288700,TOMATOES,4993.0,2,4979,4993,4986.0,buy_initiated,7.0
350,-1,290400,TOMATOES,4990.0,3,4977,4990,4983.5,buy_initiated,6.5
351,-1,291700,TOMATOES,4978.0,5,4978,4992,4985.0,sell_initiated,-7.0
353,-1,294500,EMERALDS,10008.0,4,9992,10008,10000.0,buy_initiated,8.0
354,-1,296100,TOMATOES,4979.0,5,4979,4992,4985.5,sell_initiated,-6.5
355,-1,296700,TOMATOES,4994.0,5,4981,4994,4987.5,buy_initiated,6.5
356,-1,297400,EMERALDS,9992.0,7,9992,10008,10000.0,sell_initiated,-8.0
359,-1,298900,EMERALDS,9992.0,7,9992,10008,10000.0,sell_initiated,-8.0
360,-1,300000,EMERALDS,10008.0,5,9992,10008,10000.0,buy_initiated,8.0
361,-1,300100,TOMATOES,4994.0,2,4980,4994,4987.0,buy_initiated,7.0
362,-1,301000,TOMATOES,4992.0,4,4979,4992,4985.5,buy_initiated,6.5
364,-1,305700,TOMATOES,4990.0,4,4976,4990,4983.0,buy_initiated,7.0
368,-1,307900,TOMATOES,4974.0,2,4974,4987,4980.5,sell_initiated,-6.5
369,-1,308200,TOMATOES,4973.0,3,4973,4987,4980.0,sell_initiated,-7.0
373,-1,309300,EMERALDS,10008.0,4,9992,10008,10000.0,buy_initiated,8.0
376,-1,312600,TOMATOES,4976.0,3,4976,4989,4982.5,sell_initiated,-6.5
378,-1,314200,TOMATOES,4988.0,3,4975,4988,4981.5,buy_initiated,6.5
379,-1,314400,EMERALDS,9992.0,8,9992,10008,10000.0,sell_initiated,-8.0
380,-1,315900,EMERALDS,9992.0,8,9992,10008,10000.0,sell_initiated,-8.0
381,-1,316000,TOMATOES,4973.0,3,4973,4987,4980.0,sell_initiated,-7.0
382,-1,316400,TOMATOES,4974.0,3,4974,4979,4976.5,sell_initiated,-2.5
384,-1,318400,TOMATOES,4991.0,4,4977,4991,4984.0,buy_initiated,7.0
387,-1,323700,TOMATOES,4991.0,5,4978,4991,4984.5,buy_initiated,6.5
392,-1,325600,TOMATOES,4978.0,2,4978,4991,4984.5,sell_initiated,-6.5
393,-1,326400,TOMATOES,4993.0,3,4979,4993,4986.0,buy_initiated,7.0
394,-1,326800,TOMATOES,4979.0,3,4979,4992,4985.5,sell_initiated,-6.5
395,-1,326900,TOMATOES,4993.0,2,4979,4993,4986.0,buy_initiated,7.0
396,-1,327400,EMERALDS,9992.0,4,9992,10008,10000.0,sell_initiated,-8.0
397,-1,328200,TOMATOES,4994.0,2,4981,4994,4987.5,buy_initiated,6.5
398,-1,328900,TOMATOES,4980.0,5,4980,4994,4987.0,sell_initiated,-7.0
399,-1,329400,TOMATOES,4980.0,5,4980,4993,4986.5,sell_initiated,-6.5
400,-1,330300,TOMATOES,4981.0,4,4981,4995,4988.0,sell_initiated,-7.0
402,-1,331300,TOMATOES,4993.0,5,4979,4993,4986.0,buy_initiated,7.0
403,-1,331400,TOMATOES,4992.0,3,4979,4992,4985.5,buy_initiated,6.5
405,-1,331600,TOMATOES,4991.0,4,4978,4991,4984.5,buy_initiated,6.5
409,-1,333000,TOMATOES,4979.0,2,4979,4992,4985.5,sell_initiated,-6.5
413,-1,335500,EMERALDS,10000.0,3,10000,10008,10004.0,sell_initiated,-4.0
414,-1,336100,EMERALDS,10008.0,8,9992,10008,10000.0,buy_initiated,8.0
416,-1,339400,TOMATOES,4994.0,3,4981,4994,4987.5,buy_initiated,6.5
419,-1,343200,TOMATOES,4985.0,4,4985,4998,4991.5,sell_initiated,-6.5
425,-1,351500,TOMATOES,5000.0,5,4986,5000,4993.0,buy_initiated,7.0
426,-1,353400,TOMATOES,5002.0,2,4988,5002,4995.0,buy_initiated,7.0
427,-1,353600,TOMATOES,4996.0,2,4989,4996,4992.5,buy_initiated,3.5
430,-1,356500,EMERALDS,10008.0,8,9992,10008,10000.0,buy_initiated,8.0
433,-1,360100,EMERALDS,9992.0,5,9992,10008,10000.0,sell_initiated,-8.0
434,-1,360700,TOMATOES,5007.0,4,4993,5007,5000.0,buy_initiated,7.0
436,-1,364000,TOMATOES,4990.0,3,4990,5004,4997.0,sell_initiated,-7.0
437,-1,366100,TOMATOES,4999.0,2,4999,5007,5003.0,sell_initiated,-4.0
438,-1,366200,TOMATOES,5007.0,4,4994,5007,5000.5,buy_initiated,6.5
440,-1,368200,TOMATOES,5005.0,4,4992,5005,4998.5,buy_initiated,6.5
441,-1,368300,TOMATOES,5004.0,4,4991,5004,4997.5,buy_initiated,6.5
443,-1,368900,TOMATOES,4988.0,4,4988,5002,4995.0,sell_initiated,-7.0
444,-1,369300,EMERALDS,9992.0,4,9992,10008,10000.0,sell_initiated,-8.0
446,-1,370700,TOMATOES,4989.0,2,4989,5003,4996.0,sell_initiated,-7.0
448,-1,374500,TOMATOES,5000.0,2,4987,5000,4993.5,buy_initiated,6.5
449,-1,375500,TOMATOES,5000.0,4,4991,5000,4995.5,buy_initiated,4.5
453,-1,380300,TOMATOES,5000.0,3,4987,5000,4993.5,buy_initiated,6.5
457,-1,383000,TOMATOES,4999.0,4,4986,4999,4992.5,buy_initiated,6.5
458,-1,383600,EMERALDS,10008.0,5,9992,10008,10000.0,buy_initiated,8.0
460,-1,384400,TOMATOES,4989.0,5,4989,5002,4995.5,sell_initiated,-6.5
461,-1,385100,EMERALDS,10008.0,5,9992,10008,10000.0,buy_initiated,8.0
462,-1,385300,TOMATOES,4991.0,4,4991,5004,4997.5,sell_initiated,-6.5
464,-1,388600,TOMATOES,4990.0,2,4990,5004,4997.0,sell_initiated,-7.0
465,-1,388900,TOMATOES,4996.0,5,4991,4996,4993.5,buy_initiated,2.5
466,-1,390000,TOMATOES,5005.0,5,4992,5005,4998.5,buy_initiated,6.5
467,-1,390100,TOMATOES,5006.0,5,4993,5006,4999.5,buy_initiated,6.5
469,-1,390600,TOMATOES,5005.0,4,4991,5005,4998.0,buy_initiated,7.0
470,-1,392300,EMERALDS,9992.0,5,9992,10008,10000.0,sell_initiated,-8.0
472,-1,392600,TOMATOES,5004.0,2,4991,5004,4997.5,buy_initiated,6.5
475,-1,396700,EMERALDS,9992.0,4,9992,10008,10000.0,sell_initiated,-8.0
477,-1,398500,EMERALDS,10000.0,4,9992,10000,9996.0,buy_initiated,4.0
478,-1,398600,TOMATOES,4986.0,2,4986,5000,4993.0,sell_initiated,-7.0
480,-1,400200,TOMATOES,4991.0,6,4986,4991,4988.5,buy_initiated,2.5
481,-1,401400,TOMATOES,5000.0,3,4987,5000,4993.5,buy_initiated,6.5
482,-1,402200,TOMATOES,4988.0,5,4988,4993,4990.5,sell_initiated,-2.5
484,-1,403300,EMERALDS,9992.0,6,9992,10000,9996.0,sell_initiated,-4.0
487,-1,404900,TOMATOES,4998.0,5,4984,4998,4991.0,buy_initiated,7.0
488,-1,405200,TOMATOES,4983.0,5,4983,4997,4990.0,sell_initiated,-7.0
489,-1,407000,TOMATOES,4983.0,3,4983,4997,4990.0,sell_initiated,-7.0
490,-1,408400,TOMATOES,4983.0,4,4983,4996,4989.5,sell_initiated,-6.5
491,-1,408700,TOMATOES,4983.0,3,4983,4996,4989.5,sell_initiated,-6.5
493,-1,410300,TOMATOES,4981.0,3,4981,4995,4988.0,sell_initiated,-7.0
495,-1,412400,EMERALDS,9992.0,5,9992,10008,10000.0,sell_initiated,-8.0
498,-1,413800,TOMATOES,4982.0,5,4982,4996,4989.0,sell_initiated,-7.0
501,-1,414500,TOMATOES,4981.0,4,4981,4995,4988.0,sell_initiated,-7.0
502,-1,414600,TOMATOES,4980.0,2,4980,4994,4987.0,sell_initiated,-7.0
503,-1,415000,TOMATOES,4994.0,3,4981,4994,4987.5,buy_initiated,6.5
504,-1,415300,TOMATOES,4982.0,5,4982,4995,4988.5,sell_initiated,-6.5
506,-1,415900,EMERALDS,10000.0,6,10000,10008,10004.0,sell_initiated,-4.0
507,-1,416000,EMERALDS,9992.0,7,9992,10008,10000.0,sell_initiated,-8.0
508,-1,416200,TOMATOES,4980.0,4,4980,4993,4986.5,sell_initiated,-6.5
509,-1,416500,EMERALDS,10008.0,5,9992,10008,10000.0,buy_initiated,8.0
510,-1,417600,TOMATOES,4993.0,2,4979,4993,4986.0,buy_initiated,7.0
511,-1,417700,TOMATOES,4993.0,2,4980,4993,4986.5,buy_initiated,6.5
513,-1,418000,EMERALDS,9992.0,4,9992,10008,10000.0,sell_initiated,-8.0
515,-1,420000,TOMATOES,4996.0,4,4983,4996,4989.5,buy_initiated,6.5
517,-1,421600,TOMATOES,4997.0,5,4984,4997,4990.5,buy_initiated,6.5
518,-1,422000,TOMATOES,4998.0,5,4984,4998,4991.0,buy_initiated,7.0
520,-1,422800,TOMATOES,4981.0,2,4981,4995,4988.0,sell_initiated,-7.0
521,-1,424700,EMERALDS,10008.0,6,9992,10008,10000.0,buy_initiated,8.0
523,-1,426700,EMERALDS,9992.0,5,9992,10008,10000.0,sell_initiated,-8.0
524,-1,427100,TOMATOES,4985.0,3,4985,4999,4992.0,sell_initiated,-7.0
530,-1,431400,TOMATOES,4987.0,5,4987,5001,4994.0,sell_initiated,-7.0
535,-1,434400,EMERALDS,9992.0,8,9992,10008,10000.0,sell_initiated,-8.0
540,-1,438400,TOMATOES,5001.0,5,4987,5001,4994.0,buy_initiated,7.0
541,-1,439100,EMERALDS,10008.0,5,9992,10008,10000.0,buy_initiated,8.0
542,-1,439400,EMERALDS,9992.0,7,9992,10008,10000.0,sell_initiated,-8.0
543,-1,440400,TOMATOES,5000.0,4,4987,5000,4993.5,buy_initiated,6.5
545,-1,442600,EMERALDS,9992.0,6,9992,10008,10000.0,sell_initiated,-8.0
547,-1,443900,TOMATOES,5003.0,4,4989,5003,4996.0,buy_initiated,7.0
549,-1,446900,TOMATOES,4993.0,3,4993,5007,5000.0,sell_initiated,-7.0
550,-1,447400,EMERALDS,10000.0,4,9992,10000,9996.0,buy_initiated,4.0
551,-1,447600,TOMATOES,5005.0,4,4992,5005,4998.5,buy_initiated,6.5
553,-1,450300,EMERALDS,10008.0,6,9992,10008,10000.0,buy_initiated,8.0
554,-1,450700,TOMATOES,5007.0,4,4994,5007,5000.5,buy_initiated,6.5
558,-1,453700,EMERALDS,10008.0,5,9992,10008,10000.0,buy_initiated,8.0
559,-1,453800,EMERALDS,9992.0,5,9992,10008,10000.0,sell_initiated,-8.0
560,-1,453900,TOMATOES,4997.0,3,4997,5010,5003.5,sell_initiated,-6.5
561,-1,454000,TOMATOES,4997.0,4,4997,5011,5004.0,sell_initiated,-7.0
562,-1,455400,EMERALDS,10008.0,6,9992,10008,10000.0,buy_initiated,8.0
564,-1,456500,TOMATOES,4994.0,2,4994,5008,5001.0,sell_initiated,-7.0
565,-1,457400,TOMATOES,4996.0,5,4996,5009,5002.5,sell_initiated,-6.5
566,-1,457700,TOMATOES,5009.0,4,4996,5009,5002.5,buy_initiated,6.5
568,-1,458200,EMERALDS,9992.0,6,9992,10008,10000.0,sell_initiated,-8.0
572,-1,459800,EMERALDS,10008.0,4,9992,10008,10000.0,buy_initiated,8.0
573,-1,460700,EMERALDS,9992.0,7,9992,10008,10000.0,sell_initiated,-8.0
576,-1,463900,EMERALDS,10008.0,8,9992,10008,10000.0,buy_initiated,8.0
577,-1,465000,TOMATOES,5002.0,5,4989,5002,4995.5,buy_initiated,6.5
578,-1,467200,EMERALDS,9992.0,6,9992,10008,10000.0,sell_initiated,-8.0
580,-1,471900,EMERALDS,9992.0,7,9992,10008,10000.0,sell_initiated,-8.0
581,-1,472800,EMERALDS,10008.0,7,9992,10008,10000.0,buy_initiated,8.0
585,-1,479200,EMERALDS,10008.0,3,9992,10008,10000.0,buy_initiated,8.0
587,-1,479600,EMERALDS,10008.0,7,9992,10008,10000.0,buy_initiated,8.0
589,-1,481500,TOMATOES,4992.0,2,4978,4992,4985.0,buy_initiated,7.0
590,-1,483900,EMERALDS,10008.0,6,9992,10008,10000.0,buy_initiated,8.0
591,-1,484200,EMERALDS,10008.0,5,9992,10008,10000.0,buy_initiated,8.0
593,-1,487200,TOMATOES,4976.0,5,4976,4989,4982.5,sell_initiated,-6.5
596,-1,490300,TOMATOES,4972.0,4,4972,4985,4978.5,sell_initiated,-6.5
601,-1,493100,TOMATOES,4973.0,3,4973,4980,4976.5,sell_initiated,-3.5
603,-1,493900,EMERALDS,9992.0,6,9992,10008,10000.0,sell_initiated,-8.0
604,-1,495500,TOMATOES,4974.0,5,4974,4987,4980.5,sell_initiated,-6.5
605,-1,495700,TOMATOES,4978.0,4,4973,4978,4975.5,buy_initiated,2.5
609,-1,498300,TOMATOES,4972.0,4,4972,4985,4978.5,sell_initiated,-6.5
610,-1,498400,TOMATOES,4986.0,5,4972,4986,4979.0,buy_initiated,7.0
612,-1,500100,TOMATOES,4971.0,3,4971,4985,4978.0,sell_initiated,-7.0
613,-1,501700,TOMATOES,4970.0,4,4970,4983,4976.5,sell_initiated,-6.5
614,-1,501900,TOMATOES,4970.0,2,4970,4984,4977.0,sell_initiated,-7.0
617,-1,506500,EMERALDS,10008.0,6,9992,10008,10000.0,buy_initiated,8.0
620,-1,508700,TOMATOES,4969.0,5,4969,4982,4975.5,sell_initiated,-6.5
621,-1,509300,TOMATOES,4982.0,2,4969,4982,4975.5,buy_initiated,6.5
622,-1,509600,EMERALDS,9992.0,3,9992,10008,10000.0,sell_initiated,-8.0
624,-1,512300,EMERALDS,9992.0,7,9992,10008,10000.0,sell_initiated,-8.0
625,-1,513500,EMERALDS,9992.0,7,9992,10008,10000.0,sell_initiated,-8.0
626,-1,516200,TOMATOES,4965.0,4,4965,4979,4972.0,sell_initiated,-7.0
627,-1,516500,EMERALDS,10008.0,6,9992,10008,10000.0,buy_initiated,8.0
630,-1,520100,TOMATOES,4981.0,3,4967,4981,4974.0,buy_initiated,7.0
631,-1,520300,TOMATOES,4967.0,2,4967,4980,4973.5,sell_initiated,-6.5
636,-1,524900,EMERALDS,9992.0,5,9992,10008,10000.0,sell_initiated,-8.0
637,-1,525500,TOMATOES,4974.0,4,4974,4987,4980.5,sell_initiated,-6.5
638,-1,526400,TOMATOES,4987.0,2,4974,4987,4980.5,buy_initiated,6.5
643,-1,532400,TOMATOES,4986.0,5,4973,4986,4979.5,buy_initiated,6.5
644,-1,533600,EMERALDS,9992.0,7,9992,10008,10000.0,sell_initiated,-8.0
645,-1,534800,TOMATOES,4976.0,5,4976,4989,4982.5,sell_initiated,-6.5
648,-1,536100,TOMATOES,4975.0,4,4975,4989,4982.0,sell_initiated,-7.0
649,-1,536900,TOMATOES,4988.0,2,4975,4988,4981.5,buy_initiated,6.5
650,-1,537800,TOMATOES,4975.0,5,4975,4988,4981.5,sell_initiated,-6.5
651,-1,538500,TOMATOES,4989.0,4,4981,4989,4985.0,buy_initiated,4.0
654,-1,544100,TOMATOES,4970.0,3,4970,4983,4976.5,sell_initiated,-6.5
657,-1,546900,TOMATOES,4965.0,2,4965,4978,4971.5,sell_initiated,-6.5
658,-1,547600,TOMATOES,4978.0,3,4964,4978,4971.0,buy_initiated,7.0
660,-1,548300,TOMATOES,4964.0,3,4964,4977,4970.5,sell_initiated,-6.5
662,-1,551300,TOMATOES,4962.0,5,4962,4975,4968.5,sell_initiated,-6.5
664,-1,552000,TOMATOES,4963.0,2,4963,4976,4969.5,sell_initiated,-6.5
666,-1,554200,TOMATOES,4979.0,5,4965,4979,4972.0,buy_initiated,7.0
668,-1,555400,EMERALDS,10008.0,4,9992,10008,10000.0,buy_initiated,8.0
669,-1,555500,EMERALDS,10008.0,4,9992,10008,10000.0,buy_initiated,8.0
670,-1,558100,TOMATOES,4965.0,4,4965,4978,4971.5,sell_initiated,-6.5
671,-1,559100,TOMATOES,4979.0,2,4965,4979,4972.0,buy_initiated,7.0
672,-1,559200,EMERALDS,10008.0,7,9992,10008,10000.0,buy_initiated,8.0
673,-1,561800,TOMATOES,4967.0,3,4967,4980,4973.5,sell_initiated,-6.5
675,-1,562700,TOMATOES,4969.0,4,4969,4983,4976.0,sell_initiated,-7.0
679,-1,567700,EMERALDS,9992.0,5,9992,10008,10000.0,sell_initiated,-8.0
681,-1,568900,EMERALDS,9992.0,5,9992,10008,10000.0,sell_initiated,-8.0
683,-1,572200,EMERALDS,10008.0,4,9992,10008,10000.0,buy_initiated,8.0
684,-1,575500,TOMATOES,4966.0,5,4966,4979,4972.5,sell_initiated,-6.5
685,-1,575900,EMERALDS,10008.0,4,9992,10008,10000.0,buy_initiated,8.0
686,-1,575900,TOMATOES,4967.0,5,4967,4980,4973.5,sell_initiated,-6.5
687,-1,576200,TOMATOES,4966.0,3,4966,4980,4973.0,sell_initiated,-7.0
690,-1,576500,TOMATOES,4967.0,2,4967,4980,4973.5,sell_initiated,-6.5
691,-1,577000,EMERALDS,9992.0,3,9992,10008,10000.0,sell_initiated,-8.0
692,-1,578200,EMERALDS,10008.0,3,9992,10008,10000.0,buy_initiated,8.0
693,-1,579400,TOMATOES,4981.0,2,4967,4981,4974.0,buy_initiated,7.0
694,-1,579500,EMERALDS,9992.0,5,9992,10008,10000.0,sell_initiated,-8.0
695,-1,583400,TOMATOES,4980.0,3,4966,4980,4973.0,buy_initiated,7.0
696,-1,585600,EMERALDS,10008.0,4,9992,10008,10000.0,buy_initiated,8.0
697,-1,586600,TOMATOES,4963.0,5,4963,4976,4969.5,sell_initiated,-6.5
698,-1,587300,TOMATOES,4961.0,2,4961,4974,4967.5,sell_initiated,-6.5
701,-1,591700,TOMATOES,4980.0,5,4967,4980,4973.5,buy_initiated,6.5
706,-1,593900,TOMATOES,4964.0,3,4964,4977,4970.5,sell_initiated,-6.5
707,-1,595100,TOMATOES,4977.0,5,4964,4977,4970.5,buy_initiated,6.5
709,-1,595600,TOMATOES,4977.0,3,4963,4977,4970.0,buy_initiated,7.0
711,-1,597400,EMERALDS,10008.0,8,9992,10008,10000.0,buy_initiated,8.0
713,-1,598500,EMERALDS,9992.0,3,9992,10008,10000.0,sell_initiated,-8.0
714,-1,600000,TOMATOES,4964.0,5,4964,4978,4971.0,sell_initiated,-7.0
715,-1,601100,TOMATOES,4977.0,3,4963,4977,4970.0,buy_initiated,7.0
716,-1,601500,EMERALDS,10008.0,5,9992,10008,10000.0,buy_initiated,8.0
719,-1,602900,TOMATOES,4967.0,5,4967,4980,4973.5,sell_initiated,-6.5
722,-1,604600,TOMATOES,4980.0,4,4966,4980,4973.0,buy_initiated,7.0
723,-1,604800,TOMATOES,4966.0,4,4966,4979,4972.5,sell_initiated,-6.5
724,-1,608100,TOMATOES,4979.0,4,4965,4979,4972.0,buy_initiated,7.0
727,-1,609700,EMERALDS,9992.0,6,9992,10008,10000.0,sell_initiated,-8.0
729,-1,610700,EMERALDS,10008.0,7,9992,10008,10000.0,buy_initiated,8.0
732,-1,611600,TOMATOES,4978.0,4,4965,4978,4971.5,buy_initiated,6.5
733,-1,613800,TOMATOES,4969.0,2,4969,4982,4975.5,sell_initiated,-6.5
734,-1,615400,TOMATOES,4966.0,5,4966,4979,4972.5,sell_initiated,-6.5
737,-1,617500,TOMATOES,4966.0,4,4966,4979,4972.5,sell_initiated,-6.5
738,-1,618400,TOMATOES,4967.0,3,4967,4974,4970.5,sell_initiated,-3.5
739,-1,618900,TOMATOES,4979.0,2,4966,4979,4972.5,buy_initiated,6.5
742,-1,619800,TOMATOES,4968.0,4,4968,4981,4974.5,sell_initiated,-6.5
743,-1,620900,TOMATOES,4968.0,2,4968,4982,4975.0,sell_initiated,-7.0
745,-1,625500,TOMATOES,4980.0,2,4966,4980,4973.0,buy_initiated,7.0
749,-1,626600,TOMATOES,4965.0,2,4965,4979,4972.0,sell_initiated,-7.0
750,-1,627300,TOMATOES,4979.0,2,4966,4979,4972.5,buy_initiated,6.5
752,-1,629300,TOMATOES,4979.0,4,4966,4979,4972.5,buy_initiated,6.5
753,-1,629400,TOMATOES,4979.0,3,4966,4979,4972.5,buy_initiated,6.5
754,-1,629500,EMERALDS,10008.0,8,9992,10008,10000.0,buy_initiated,8.0
755,-1,630500,TOMATOES,4967.0,3,4967,4980,4973.5,sell_initiated,-6.5
756,-1,631100,EMERALDS,9992.0,6,9992,10008,10000.0,sell_initiated,-8.0
757,-1,631600,EMERALDS,9992.0,4,9992,10008,10000.0,sell_initiated,-8.0
758,-1,632500,EMERALDS,10008.0,3,10000,10008,10004.0,buy_initiated,4.0
760,-1,632700,TOMATOES,4977.0,3,4963,4977,4970.0,buy_initiated,7.0
763,-1,635200,TOMATOES,4958.0,5,4958,4971,4964.5,sell_initiated,-6.5
764,-1,635600,EMERALDS,9992.0,4,9992,10008,10000.0,sell_initiated,-8.0
766,-1,636500,TOMATOES,4958.0,3,4958,4971,4964.5,sell_initiated,-6.5
769,-1,642300,EMERALDS,9992.0,3,9992,10008,10000.0,sell_initiated,-8.0
770,-1,643400,EMERALDS,10000.0,6,9992,10000,9996.0,buy_initiated,4.0
771,-1,643700,TOMATOES,4969.0,2,4956,4969,4962.5,buy_initiated,6.5
773,-1,644600,TOMATOES,4970.0,4,4957,4970,4963.5,buy_initiated,6.5
776,-1,646200,EMERALDS,10008.0,8,9992,10008,10000.0,buy_initiated,8.0
777,-1,648600,TOMATOES,4973.0,2,4960,4973,4966.5,buy_initiated,6.5
779,-1,650800,EMERALDS,9992.0,6,9992,10008,10000.0,sell_initiated,-8.0
781,-1,653400,TOMATOES,4980.0,3,4966,4980,4973.0,buy_initiated,7.0
782,-1,655000,TOMATOES,4975.0,4,4961,4975,4968.0,buy_initiated,7.0
784,-1,655500,TOMATOES,4973.0,5,4959,4973,4966.0,buy_initiated,7.0
786,-1,657600,TOMATOES,4961.0,5,4961,4974,4967.5,sell_initiated,-6.5
787,-1,659700,TOMATOES,4960.0,2,4960,4973,4966.5,sell_initiated,-6.5
789,-1,662200,EMERALDS,9992.0,8,9992,10008,10000.0,sell_initiated,-8.0
791,-1,662700,EMERALDS,10008.0,6,9992,10008,10000.0,buy_initiated,8.0
793,-1,664100,EMERALDS,10008.0,6,9992,10008,10000.0,buy_initiated,8.0
794,-1,664800,TOMATOES,4964.0,3,4964,4977,4970.5,sell_initiated,-6.5
795,-1,665500,TOMATOES,4974.0,3,4960,4974,4967.0,buy_initiated,7.0
799,-1,667000,EMERALDS,9992.0,4,9992,10008,10000.0,sell_initiated,-8.0
800,-1,667200,TOMATOES,4974.0,4,4961,4974,4967.5,buy_initiated,6.5
802,-1,669400,TOMATOES,4975.0,2,4961,4975,4968.0,buy_initiated,7.0
803,-1,672000,EMERALDS,10008.0,7,9992,10008,10000.0,buy_initiated,8.0
806,-1,673600,TOMATOES,4959.0,4,4959,4973,4966.0,sell_initiated,-7.0
811,-1,674600,EMERALDS,9992.0,5,9992,10008,10000.0,sell_initiated,-8.0
812,-1,674700,TOMATOES,4959.0,3,4959,4972,4965.5,sell_initiated,-6.5
817,-1,680100,EMERALDS,9992.0,8,9992,10008,10000.0,sell_initiated,-8.0
818,-1,681100,EMERALDS,9992.0,8,9992,10008,10000.0,sell_initiated,-8.0
820,-1,681400,EMERALDS,9992.0,5,9992,10008,10000.0,sell_initiated,-8.0
822,-1,682700,TOMATOES,4971.0,2,4971,4979,4975.0,sell_initiated,-4.0
827,-1,686600,TOMATOES,4960.0,4,4960,4974,4967.0,sell_initiated,-7.0
829,-1,687200,TOMATOES,4958.0,2,4958,4972,4965.0,sell_initiated,-7.0
834,-1,690700,TOMATOES,4967.0,2,4953,4967,4960.0,buy_initiated,7.0
835,-1,690800,EMERALDS,9992.0,3,9992,10008,10000.0,sell_initiated,-8.0
837,-1,697100,TOMATOES,4955.0,5,4955,4968,4961.5,sell_initiated,-6.5
841,-1,699400,EMERALDS,10008.0,6,9992,10008,10000.0,buy_initiated,8.0
845,-1,705800,EMERALDS,10008.0,3,9992,10008,10000.0,buy_initiated,8.0
846,-1,706000,TOMATOES,4950.0,4,4950,4963,4956.5,sell_initiated,-6.5
849,-1,708700,TOMATOES,4948.0,5,4948,4962,4955.0,sell_initiated,-7.0
852,-1,709800,TOMATOES,4948.0,3,4948,4962,4955.0,sell_initiated,-7.0
853,-1,710900,EMERALDS,9992.0,6,9992,10008,10000.0,sell_initiated,-8.0
855,-1,712800,TOMATOES,4948.0,4,4948,4961,4954.5,sell_initiated,-6.5
856,-1,713600,EMERALDS,10008.0,3,9992,10008,10000.0,buy_initiated,8.0
859,-1,714900,TOMATOES,4960.0,5,4946,4960,4953.0,buy_initiated,7.0
860,-1,715500,TOMATOES,4960.0,2,4947,4960,4953.5,buy_initiated,6.5
861,-1,718300,TOMATOES,4947.0,2,4947,4960,4953.5,sell_initiated,-6.5
862,-1,718500,TOMATOES,4946.0,3,4946,4960,4953.0,sell_initiated,-7.0
864,-1,719500,TOMATOES,4959.0,3,4946,4959,4952.5,buy_initiated,6.5
865,-1,720800,TOMATOES,4945.0,2,4945,4959,4952.0,sell_initiated,-7.0
866,-1,721100,TOMATOES,4946.0,3,4946,4959,4952.5,sell_initiated,-6.5
868,-1,722000,TOMATOES,4958.0,2,4945,4958,4951.5,buy_initiated,6.5
869,-1,722200,EMERALDS,10008.0,4,9992,10008,10000.0,buy_initiated,8.0
870,-1,722400,TOMATOES,4959.0,4,4945,4959,4952.0,buy_initiated,7.0
874,-1,724900,TOMATOES,4958.0,5,4945,4958,4951.5,buy_initiated,6.5
875,-1,726500,TOMATOES,4947.0,3,4947,4960,4953.5,sell_initiated,-6.5
877,-1,727400,EMERALDS,10008.0,5,9992,10008,10000.0,buy_initiated,8.0
881,-1,732600,EMERALDS,10008.0,7,9992,10008,10000.0,buy_initiated,8.0
882,-1,733000,TOMATOES,4943.0,3,4943,4957,4950.0,sell_initiated,-7.0
883,-1,733900,TOMATOES,4945.0,5,4945,4958,4951.5,sell_initiated,-6.5
884,-1,734000,TOMATOES,4944.0,2,4944,4958,4951.0,sell_initiated,-7.0
885,-1,735100,TOMATOES,4945.0,4,4945,4953,4949.0,sell_initiated,-4.0
888,-1,735900,TOMATOES,4961.0,4,4947,4961,4954.0,buy_initiated,7.0
889,-1,736200,TOMATOES,4947.0,2,4947,4960,4953.5,sell_initiated,-6.5
892,-1,738100,EMERALDS,10000.0,5,10000,10008,10004.0,sell_initiated,-4.0
893,-1,738700,EMERALDS,10008.0,5,9992,10008,10000.0,buy_initiated,8.0
897,-1,741500,TOMATOES,4968.0,4,4955,4968,4961.5,buy_initiated,6.5
899,-1,744500,EMERALDS,9992.0,4,9992,10008,10000.0,sell_initiated,-8.0
903,-1,747700,TOMATOES,4955.0,3,4955,4969,4962.0,sell_initiated,-7.0
905,-1,748500,TOMATOES,4967.0,5,4954,4967,4960.5,buy_initiated,6.5
907,-1,748600,EMERALDS,10008.0,6,9992,10008,10000.0,buy_initiated,8.0
909,-1,750100,TOMATOES,4966.0,3,4953,4966,4959.5,buy_initiated,6.5
910,-1,750500,TOMATOES,4953.0,3,4953,4966,4959.5,sell_initiated,-6.5
911,-1,751800,EMERALDS,10008.0,3,9992,10008,10000.0,buy_initiated,8.0
912,-1,751800,TOMATOES,4970.0,4,4957,4970,4963.5,buy_initiated,6.5
913,-1,752200,TOMATOES,4970.0,3,4957,4970,4963.5,buy_initiated,6.5
915,-1,753700,EMERALDS,10008.0,3,9992,10008,10000.0,buy_initiated,8.0
916,-1,756500,EMERALDS,10008.0,5,9992,10008,10000.0,buy_initiated,8.0
917,-1,757300,EMERALDS,10008.0,6,9992,10008,10000.0,buy_initiated,8.0
919,-1,757900,TOMATOES,4976.0,2,4963,4976,4969.5,buy_initiated,6.5
921,-1,758600,TOMATOES,4962.0,2,4962,4976,4969.0,sell_initiated,-7.0
922,-1,759900,EMERALDS,9992.0,4,9992,10008,10000.0,sell_initiated,-8.0
923,-1,760100,EMERALDS,10008.0,8,9992,10008,10000.0,buy_initiated,8.0
926,-1,762200,TOMATOES,4964.0,5,4964,4978,4971.0,sell_initiated,-7.0
927,-1,762400,EMERALDS,10008.0,7,9992,10008,10000.0,buy_initiated,8.0
928,-1,762500,TOMATOES,4976.0,4,4963,4976,4969.5,buy_initiated,6.5
929,-1,764200,EMERALDS,10008.0,8,9992,10008,10000.0,buy_initiated,8.0
932,-1,767200,TOMATOES,4969.0,3,4956,4969,4962.5,buy_initiated,6.5
935,-1,768100,TOMATOES,4956.0,3,4956,4969,4962.5,sell_initiated,-6.5
937,-1,768500,TOMATOES,4968.0,2,4954,4968,4961.0,buy_initiated,7.0
938,-1,768800,TOMATOES,4953.0,4,4953,4967,4960.0,sell_initiated,-7.0
941,-1,774400,TOMATOES,4968.0,3,4955,4968,4961.5,buy_initiated,6.5
945,-1,778700,TOMATOES,4966.0,2,4953,4966,4959.5,buy_initiated,6.5
946,-1,779100,TOMATOES,4964.0,4,4951,4964,4957.5,buy_initiated,6.5
947,-1,780500,TOMATOES,4966.0,3,4952,4966,4959.0,buy_initiated,7.0
949,-1,781400,EMERALDS,9992.0,6,9992,10008,10000.0,sell_initiated,-8.0
950,-1,782800,TOMATOES,4953.0,3,4953,4966,4959.5,sell_initiated,-6.5
953,-1,785400,TOMATOES,4963.0,2,4950,4963,4956.5,buy_initiated,6.5
954,-1,785800,EMERALDS,9992.0,6,9992,10008,10000.0,sell_initiated,-8.0
956,-1,789300,TOMATOES,4967.0,5,4954,4967,4960.5,buy_initiated,6.5
957,-1,791600,TOMATOES,4949.0,3,4949,4956,4952.5,sell_initiated,-3.5
959,-1,792000,TOMATOES,4949.0,3,4949,4962,4955.5,sell_initiated,-6.5
960,-1,792200,EMERALDS,9992.0,4,9992,10008,10000.0,sell_initiated,-8.0
961,-1,792400,TOMATOES,4950.0,5,4950,4963,4956.5,sell_initiated,-6.5
962,-1,792800,TOMATOES,4964.0,3,4950,4964,4957.0,buy_initiated,7.0
964,-1,795800,TOMATOES,4951.0,4,4951,4965,4958.0,sell_initiated,-7.0
968,-1,798200,TOMATOES,4954.0,5,4954,4968,4961.0,sell_initiated,-7.0
972,-1,800600,EMERALDS,10008.0,5,9992,10008,10000.0,buy_initiated,8.0
974,-1,803500,TOMATOES,4967.0,4,4954,4967,4960.5,buy_initiated,6.5
975,-1,804100,TOMATOES,4962.0,5,4962,4968,4965.0,sell_initiated,-3.0
976,-1,805400,TOMATOES,4954.0,5,4954,4968,4961.0,sell_initiated,-7.0
978,-1,807500,TOMATOES,4957.0,4,4957,4971,4964.0,sell_initiated,-7.0
982,-1,809700,TOMATOES,4958.0,4,4958,4971,4964.5,sell_initiated,-6.5
983,-1,809800,TOMATOES,4972.0,3,4958,4972,4965.0,buy_initiated,7.0
984,-1,810900,EMERALDS,9992.0,8,9992,10008,10000.0,sell_initiated,-8.0
989,-1,815200,EMERALDS,9992.0,3,9992,10008,10000.0,sell_initiated,-8.0
991,-1,816000,TOMATOES,4974.0,2,4960,4974,4967.0,buy_initiated,7.0
992,-1,816300,TOMATOES,4975.0,2,4961,4975,4968.0,buy_initiated,7.0
993,-1,816400,TOMATOES,4976.0,3,4963,4976,4969.5,buy_initiated,6.5
994,-1,816600,TOMATOES,4975.0,2,4967,4975,4971.0,buy_initiated,4.0
995,-1,817300,EMERALDS,9992.0,6,9992,10008,10000.0,sell_initiated,-8.0
997,-1,817900,TOMATOES,4959.0,3,4959,4973,4966.0,sell_initiated,-7.0
998,-1,818400,TOMATOES,4957.0,2,4957,4970,4963.5,sell_initiated,-6.5
1000,-1,822000,EMERALDS,9992.0,3,9992,10008,10000.0,sell_initiated,-8.0
1009,-1,826000,TOMATOES,4967.0,2,4954,4967,4960.5,buy_initiated,6.5
1011,-1,827400,TOMATOES,4968.0,2,4959,4968,4963.5,buy_initiated,4.5
1012,-1,828100,EMERALDS,10008.0,7,9992,10008,10000.0,buy_initiated,8.0
1014,-1,829700,TOMATOES,4969.0,2,4956,4969,4962.5,buy_initiated,6.5
1016,-1,830800,TOMATOES,4952.0,2,4952,4965,4958.5,sell_initiated,-6.5
1017,-1,830900,TOMATOES,4952.0,4,4952,4965,4958.5,sell_initiated,-6.5
1018,-1,831900,TOMATOES,4952.0,5,4952,4965,4958.5,sell_initiated,-6.5
1019,-1,832300,EMERALDS,10008.0,3,9992,10008,10000.0,buy_initiated,8.0
1020,-1,832400,TOMATOES,4952.0,3,4952,4959,4955.5,sell_initiated,-3.5
1024,-1,834800,EMERALDS,9992.0,7,9992,10008,10000.0,sell_initiated,-8.0
1027,-1,840800,TOMATOES,4967.0,2,4954,4967,4960.5,buy_initiated,6.5
1028,-1,842700,EMERALDS,10008.0,6,9992,10008,10000.0,buy_initiated,8.0
1032,-1,846500,TOMATOES,4954.0,2,4954,4968,4961.0,sell_initiated,-7.0
1033,-1,847600,TOMATOES,4957.0,5,4957,4970,4963.5,sell_initiated,-6.5
1035,-1,848100,EMERALDS,10008.0,8,9992,10008,10000.0,buy_initiated,8.0
1037,-1,848400,TOMATOES,4967.0,3,4954,4967,4960.5,buy_initiated,6.5
1039,-1,850100,EMERALDS,9992.0,5,9992,10008,10000.0,sell_initiated,-8.0
1043,-1,854500,TOMATOES,4964.0,3,4951,4964,4957.5,buy_initiated,6.5
1047,-1,858300,TOMATOES,4951.0,5,4951,4964,4957.5,sell_initiated,-6.5
1049,-1,858700,TOMATOES,4948.0,4,4948,4962,4955.0,sell_initiated,-7.0
1052,-1,861100,TOMATOES,4961.0,2,4948,4961,4954.5,buy_initiated,6.5
1055,-1,862500,TOMATOES,4963.0,5,4949,4963,4956.0,buy_initiated,7.0
1056,-1,862700,EMERALDS,10008.0,6,9992,10008,10000.0,buy_initiated,8.0
1057,-1,863700,EMERALDS,9992.0,6,9992,10008,10000.0,sell_initiated,-8.0
1059,-1,864500,EMERALDS,9992.0,7,9992,10008,10000.0,sell_initiated,-8.0
1060,-1,864600,EMERALDS,10008.0,5,9992,10008,10000.0,buy_initiated,8.0
1063,-1,865700,TOMATOES,4967.0,5,4953,4967,4960.0,buy_initiated,7.0
1064,-1,866200,TOMATOES,4953.0,2,4953,4966,4959.5,sell_initiated,-6.5
1066,-1,868100,TOMATOES,4964.0,4,4950,4964,4957.0,buy_initiated,7.0
1070,-1,869800,TOMATOES,4949.0,3,4949,4963,4956.0,sell_initiated,-7.0
1072,-1,870700,EMERALDS,10008.0,5,9992,10008,10000.0,buy_initiated,8.0
1075,-1,874400,TOMATOES,4951.0,3,4951,4964,4957.5,sell_initiated,-6.5
1076,-1,875500,TOMATOES,4955.0,5,4955,4969,4962.0,sell_initiated,-7.0
1077,-1,875800,EMERALDS,10008.0,6,9992,10008,10000.0,buy_initiated,8.0
1079,-1,877100,TOMATOES,4957.0,4,4957,4970,4963.5,sell_initiated,-6.5
1080,-1,881200,EMERALDS,9992.0,8,9992,10008,10000.0,sell_initiated,-8.0
1081,-1,881400,EMERALDS,9992.0,7,9992,10008,10000.0,sell_initiated,-8.0
1082,-1,883400,EMERALDS,10008.0,5,9992,10008,10000.0,buy_initiated,8.0
1085,-1,885900,EMERALDS,9992.0,4,9992,10008,10000.0,sell_initiated,-8.0
1086,-1,885900,TOMATOES,4977.0,4,4964,4977,4970.5,buy_initiated,6.5
1088,-1,886500,TOMATOES,4980.0,3,4966,4980,4973.0,buy_initiated,7.0
1090,-1,886900,TOMATOES,4968.0,4,4968,4981,4974.5,sell_initiated,-6.5
1094,-1,890500,TOMATOES,4971.0,4,4971,4980,4975.5,sell_initiated,-4.5
1097,-1,893100,TOMATOES,4963.0,2,4963,4976,4969.5,sell_initiated,-6.5
1099,-1,894400,EMERALDS,10008.0,4,9992,10008,10000.0,buy_initiated,8.0
1105,-1,899100,TOMATOES,4959.0,3,4959,4972,4965.5,sell_initiated,-6.5
1107,-1,900100,TOMATOES,4972.0,4,4958,4972,4965.0,buy_initiated,7.0
1108,-1,900200,EMERALDS,10008.0,8,9992,10008,10000.0,buy_initiated,8.0
1109,-1,900300,TOMATOES,4958.0,2,4958,4971,4964.5,sell_initiated,-6.5
1110,-1,900900,TOMATOES,4955.0,3,4955,4968,4961.5,sell_initiated,-6.5
1113,-1,904500,EMERALDS,9992.0,3,9992,10008,10000.0,sell_initiated,-8.0
1114,-1,905000,EMERALDS,10008.0,7,9992,10008,10000.0,buy_initiated,8.0
1115,-1,905600,EMERALDS,10008.0,5,9992,10008,10000.0,buy_initiated,8.0
1118,-1,908200,TOMATOES,4962.0,4,4962,4976,4969.0,sell_initiated,-7.0
1119,-1,909100,EMERALDS,9992.0,6,9992,10008,10000.0,sell_initiated,-8.0
1120,-1,909200,TOMATOES,4977.0,2,4963,4977,4970.0,buy_initiated,7.0
1121,-1,909400,EMERALDS,9992.0,4,9992,10008,10000.0,sell_initiated,-8.0
1125,-1,911100,TOMATOES,4977.0,3,4964,4977,4970.5,buy_initiated,6.5
1126,-1,911500,TOMATOES,4964.0,2,4964,4978,4971.0,sell_initiated,-7.0
1128,-1,912500,TOMATOES,4976.0,4,4963,4976,4969.5,buy_initiated,6.5
1130,-1,913800,TOMATOES,4962.0,5,4962,4975,4968.5,sell_initiated,-6.5
1131,-1,914300,TOMATOES,4974.0,2,4961,4974,4967.5,buy_initiated,6.5
1132,-1,915100,EMERALDS,9992.0,3,9992,10008,10000.0,sell_initiated,-8.0
1135,-1,920000,TOMATOES,4957.0,4,4957,4970,4963.5,sell_initiated,-6.5
1137,-1,924600,EMERALDS,10008.0,4,9992,10008,10000.0,buy_initiated,8.0
1138,-1,925200,TOMATOES,4968.0,3,4954,4968,4961.0,buy_initiated,7.0
1139,-1,925500,TOMATOES,4967.0,2,4954,4967,4960.5,buy_initiated,6.5
1140,-1,925800,TOMATOES,4954.0,2,4954,4967,4960.5,sell_initiated,-6.5
1141,-1,926600,TOMATOES,4968.0,3,4954,4968,4961.0,buy_initiated,7.0
1143,-1,928700,EMERALDS,10008.0,5,9992,10008,10000.0,buy_initiated,8.0
1145,-1,929200,TOMATOES,4970.0,4,4957,4970,4963.5,buy_initiated,6.5
1146,-1,931900,EMERALDS,10008.0,3,9992,10008,10000.0,buy_initiated,8.0
1148,-1,933700,TOMATOES,4967.0,5,4954,4967,4960.5,buy_initiated,6.5
1149,-1,935000,TOMATOES,4968.0,2,4954,4968,4961.0,buy_initiated,7.0
1151,-1,938200,TOMATOES,4972.0,5,4959,4972,4965.5,buy_initiated,6.5
1152,-1,940100,EMERALDS,10008.0,4,9992,10008,10000.0,buy_initiated,8.0
1154,-1,940200,TOMATOES,4972.0,5,4959,4972,4965.5,buy_initiated,6.5
1155,-1,940300,TOMATOES,4959.0,2,4959,4973,4966.0,sell_initiated,-7.0
1156,-1,940900,EMERALDS,9992.0,6,9992,10008,10000.0,sell_initiated,-8.0
1158,-1,941400,EMERALDS,10008.0,7,9992,10008,10000.0,buy_initiated,8.0
1163,-1,948000,TOMATOES,4953.0,3,4953,4966,4959.5,sell_initiated,-6.5
1168,-1,950400,TOMATOES,4966.0,3,4953,4966,4959.5,buy_initiated,6.5
1170,-1,951800,TOMATOES,4953.0,2,4953,4967,4960.0,sell_initiated,-7.0
1171,-1,952000,EMERALDS,9992.0,6,9992,10008,10000.0,sell_initiated,-8.0
1173,-1,954400,EMERALDS,10008.0,8,9992,10008,10000.0,buy_initiated,8.0
1175,-1,955600,EMERALDS,9992.0,3,9992,10008,10000.0,sell_initiated,-8.0
1177,-1,957600,TOMATOES,4948.0,5,4948,4961,4954.5,sell_initiated,-6.5
1186,-1,967400,TOMATOES,4964.0,5,4951,4964,4957.5,buy_initiated,6.5
1187,-1,968200,EMERALDS,10008.0,6,9992,10008,10000.0,buy_initiated,8.0
1191,-1,969600,EMERALDS,10008.0,6,9992,10008,10000.0,buy_initiated,8.0
1192,-1,969700,TOMATOES,4964.0,3,4951,4964,4957.5,buy_initiated,6.5
1195,-1,972900,EMERALDS,9992.0,5,9992,10008,10000.0,sell_initiated,-8.0
1197,-1,973400,EMERALDS,10008.0,8,9992,10008,10000.0,buy_initiated,8.0
1201,-1,977900,TOMATOES,4952.0,5,4952,4966,4959.0,sell_initiated,-7.0
1202,-1,979000,TOMATOES,4965.0,5,4952,4965,4958.5,buy_initiated,6.5
1203,-1,979200,EMERALDS,10008.0,6,9992,10008,10000.0,buy_initiated,8.0
1205,-1,982500,TOMATOES,4950.0,3,4950,4964,4957.0,sell_initiated,-7.0
1206,-1,982900,EMERALDS,10008.0,6,9992,10008,10000.0,buy_initiated,8.0
1207,-1,983800,EMERALDS,10008.0,3,9992,10008,10000.0,buy_initiated,8.0
1208,-1,985100,TOMATOES,4946.0,2,4946,4960,4953.0,sell_initiated,-7.0
1210,-1,985600,EMERALDS,10008.0,6,9992,10008,10000.0,buy_initiated,8.0
1217,-1,993000,TOMATOES,4956.0,2,4943,4956,4949.5,buy_initiated,6.5
1218,-1,995600,TOMATOES,4958.0,3,4945,4958,4951.5,buy_initiated,6.5
